municipality_code,name,prefecture,kana,population,scraper_type,scraper_base_url,tenant_id,press_rss_url,opendata_url,tier,is_active,notes
00000,国会,国,コッカイ,,kokkai,,,,,1,true,国会会議録 (kokkai.ndl.go.jp/api/speech)
01000,北海道,北海道,ホッカイドウ,,unknown,,,,,3,false,prefecture_aggregate
01100,札幌市,北海道,サッポロシ,,voices_asp,https://sapporo.gijiroku.com/voices,,,,1,false,sapporo (NOT DiscussNet; voices_asp vendor)
01202,函館市,北海道,ハコダテシ,,unknown,,,,,3,false,
01203,小樽市,北海道,オタルシ,,unknown,,,,,3,false,
01204,旭川市,北海道,アサヒカワシ,,unknown,,,,,3,false,
01205,室蘭市,北海道,ムロランシ,,unknown,,,,,3,false,
01206,釧路市,北海道,クシロシ,,unknown,,,,,3,false,
01207,帯広市,北海道,オビヒロシ,,unknown,,,,,3,false,
01208,北見市,北海道,キタミシ,,unknown,,,,,3,false,
01209,夕張市,北海道,ユウバリシ,,unknown,,,,,3,false,
01210,岩見沢市,北海道,イワミザワシ,,unknown,,,,,3,false,
01211,網走市,北海道,アバシリシ,,unknown,,,,,3,false,
01212,留萌市,北海道,ルモイシ,,unknown,,,,,3,false,
01213,苫小牧市,北海道,トマコマイシ,,unknown,,,,,3,false,
01214,稚内市,北海道,ワッカナイシ,,unknown,,,,,3,false,
01215,美唄市,北海道,ビバイシ,,unknown,,,,,3,false,
01216,芦別市,北海道,アシベツシ,,unknown,,,,,3,false,
01217,江別市,北海道,エベツシ,,unknown,,,,,3,false,
01218,赤平市,北海道,アカビラシ,,unknown,,,,,3,false,
01219,紋別市,北海道,モンベツシ,,unknown,,,,,3,false,
01220,士別市,北海道,シベツシ,,unknown,,,,,3,false,
01221,名寄市,北海道,ナヨロシ,,unknown,,,,,3,false,
01222,三笠市,北海道,ミカサシ,,unknown,,,,,3,false,
01223,根室市,北海道,ネムロシ,,unknown,,,,,3,false,
01224,千歳市,北海道,チトセシ,,unknown,,,,,3,false,
01225,滝川市,北海道,タキカワシ,,unknown,,,,,3,false,
01226,砂川市,北海道,スナガワシ,,unknown,,,,,3,false,
01227,歌志内市,北海道,ウタシナイシ,,unknown,,,,,3,false,
01228,深川市,北海道,フカガワシ,,unknown,,,,,3,false,
01229,富良野市,北海道,フラノシ,,unknown,,,,,3,false,
01230,登別市,北海道,ノボリベツシ,,unknown,,,,,3,false,
01231,恵庭市,北海道,エニワシ,,unknown,,,,,3,false,
01233,伊達市,北海道,ダテシ,,unknown,,,,,3,false,
01234,北広島市,北海道,キタヒロシマシ,,unknown,,,,,3,false,
01235,石狩市,北海道,イシカリシ,,unknown,,,,,3,false,
01236,北斗市,北海道,ホクトシ,,unknown,,,,,3,false,
01303,当別町,北海道,トウベツチョウ,,unknown,,,,,3,false,
01304,新篠津村,北海道,シンシノツムラ,,unknown,,,,,3,false,
01331,松前町,北海道,マツマエチョウ,,unknown,,,,,3,false,
01332,福島町,北海道,フクシマチョウ,,unknown,,,,,3,false,
01333,知内町,北海道,シリウチチョウ,,unknown,,,,,3,false,
01334,木古内町,北海道,キコナイチョウ,,unknown,,,,,3,false,
01337,七飯町,北海道,ナナエチョウ,,unknown,,,,,3,false,
01343,鹿部町,北海道,シカベチョウ,,unknown,,,,,3,false,
01345,森町,北海道,モリマチ,,unknown,,,,,3,false,
01346,八雲町,北海道,ヤクモチョウ,,unknown,,,,,3,false,
01347,長万部町,北海道,オシャマンベチョウ,,unknown,,,,,3,false,
01361,江差町,北海道,エサシチョウ,,unknown,,,,,3,false,
01362,上ノ国町,北海道,カミノクニチョウ,,unknown,,,,,3,false,
01363,厚沢部町,北海道,アッサブチョウ,,unknown,,,,,3,false,
01364,乙部町,北海道,オトベチョウ,,unknown,,,,,3,false,
01367,奥尻町,北海道,オクシリチョウ,,unknown,,,,,3,false,
01370,今金町,北海道,イマカネチョウ,,unknown,,,,,3,false,
01371,せたな町,北海道,セタナチョウ,,unknown,,,,,3,false,
01391,島牧村,北海道,シママキムラ,,unknown,,,,,3,false,
01392,寿都町,北海道,スッツチョウ,,unknown,,,,,3,false,
01393,黒松内町,北海道,クロマツナイチョウ,,unknown,,,,,3,false,
01394,蘭越町,北海道,ランコシチョウ,,unknown,,,,,3,false,
01395,ニセコ町,北海道,ニセコチョウ,,unknown,,,,,3,false,
01396,真狩村,北海道,マッカリムラ,,unknown,,,,,3,false,
01397,留寿都村,北海道,ルスツムラ,,unknown,,,,,3,false,
01398,喜茂別町,北海道,キモベツチョウ,,unknown,,,,,3,false,
01399,京極町,北海道,キョウゴクチョウ,,unknown,,,,,3,false,
01400,倶知安町,北海道,クッチャンチョウ,,unknown,,,,,3,false,
01401,共和町,北海道,キョウワチョウ,,unknown,,,,,3,false,
01402,岩内町,北海道,イワナイチョウ,,unknown,,,,,3,false,
01403,泊村,北海道,トマリムラ,,unknown,,,,,3,false,
01404,神恵内村,北海道,カモエナイムラ,,unknown,,,,,3,false,
01405,積丹町,北海道,シャコタンチョウ,,unknown,,,,,3,false,
01406,古平町,北海道,フルビラチョウ,,unknown,,,,,3,false,
01407,仁木町,北海道,ニキチョウ,,unknown,,,,,3,false,
01408,余市町,北海道,ヨイチチョウ,,unknown,,,,,3,false,
01409,赤井川村,北海道,アカイガワムラ,,unknown,,,,,3,false,
01423,南幌町,北海道,ナンポロチョウ,,unknown,,,,,3,false,
01424,奈井江町,北海道,ナイエチョウ,,unknown,,,,,3,false,
01425,上砂川町,北海道,カミスナガワチョウ,,unknown,,,,,3,false,
01427,由仁町,北海道,ユニチョウ,,unknown,,,,,3,false,
01428,長沼町,北海道,ナガヌマチョウ,,unknown,,,,,3,false,
01429,栗山町,北海道,クリヤマチョウ,,unknown,,,,,3,false,
01430,月形町,北海道,ツキガタチョウ,,unknown,,,,,3,false,
01431,浦臼町,北海道,ウラウスチョウ,,unknown,,,,,3,false,
01432,新十津川町,北海道,シントツカワチョウ,,unknown,,,,,3,false,
01433,妹背牛町,北海道,モセウシチョウ,,unknown,,,,,3,false,
01434,秩父別町,北海道,チップベツチョウ,,unknown,,,,,3,false,
01436,雨竜町,北海道,ウリュウチョウ,,unknown,,,,,3,false,
01437,北竜町,北海道,ホクリュウチョウ,,unknown,,,,,3,false,
01438,沼田町,北海道,ヌマタチョウ,,unknown,,,,,3,false,
01452,鷹栖町,北海道,タカスチョウ,,unknown,,,,,3,false,
01453,東神楽町,北海道,ヒガシカグラチョウ,,unknown,,,,,3,false,
01454,当麻町,北海道,トウマチョウ,,unknown,,,,,3,false,
01455,比布町,北海道,ピップチョウ,,unknown,,,,,3,false,
01456,愛別町,北海道,アイベツチョウ,,unknown,,,,,3,false,
01457,上川町,北海道,カミカワチョウ,,unknown,,,,,3,false,
01458,東川町,北海道,ヒガシカワチョウ,,unknown,,,,,3,false,
01459,美瑛町,北海道,ビエイチョウ,,unknown,,,,,3,false,
01460,上富良野町,北海道,カミフラノチョウ,,unknown,,,,,3,false,
01461,中富良野町,北海道,ナカフラノチョウ,,unknown,,,,,3,false,
01462,南富良野町,北海道,ミナミフラノチョウ,,unknown,,,,,3,false,
01463,占冠村,北海道,シムカップムラ,,unknown,,,,,3,false,
01464,和寒町,北海道,ワッサムチョウ,,unknown,,,,,3,false,
01465,剣淵町,北海道,ケンブチチョウ,,unknown,,,,,3,false,
01468,下川町,北海道,シモカワチョウ,,unknown,,,,,3,false,
01469,美深町,北海道,ビフカチョウ,,unknown,,,,,3,false,
01470,音威子府村,北海道,オトイネップムラ,,unknown,,,,,3,false,
01471,中川町,北海道,ナカガワチョウ,,unknown,,,,,3,false,
01472,幌加内町,北海道,ホロカナイチョウ,,unknown,,,,,3,false,
01481,増毛町,北海道,マシケチョウ,,unknown,,,,,3,false,
01482,小平町,北海道,オビラチョウ,,unknown,,,,,3,false,
01483,苫前町,北海道,トママエチョウ,,unknown,,,,,3,false,
01484,羽幌町,北海道,ハボロチョウ,,unknown,,,,,3,false,
01485,初山別村,北海道,ショサンベツムラ,,unknown,,,,,3,false,
01486,遠別町,北海道,エンベツチョウ,,unknown,,,,,3,false,
01487,天塩町,北海道,テシオチョウ,,unknown,,,,,3,false,
01511,猿払村,北海道,サルフツムラ,,unknown,,,,,3,false,
01512,浜頓別町,北海道,ハマトンベツチョウ,,unknown,,,,,3,false,
01513,中頓別町,北海道,ナカトンベツチョウ,,unknown,,,,,3,false,
01514,枝幸町,北海道,エサシチョウ,,unknown,,,,,3,false,
01516,豊富町,北海道,トヨトミチョウ,,unknown,,,,,3,false,
01517,礼文町,北海道,レブンチョウ,,unknown,,,,,3,false,
01518,利尻町,北海道,リシリチョウ,,unknown,,,,,3,false,
01519,利尻富士町,北海道,リシリフジチョウ,,unknown,,,,,3,false,
01520,幌延町,北海道,ホロノベチョウ,,unknown,,,,,3,false,
01543,美幌町,北海道,ビホロチョウ,,unknown,,,,,3,false,
01544,津別町,北海道,ツベツチョウ,,unknown,,,,,3,false,
01545,斜里町,北海道,シャリチョウ,,unknown,,,,,3,false,
01546,清里町,北海道,キヨサトチョウ,,unknown,,,,,3,false,
01547,小清水町,北海道,コシミズチョウ,,unknown,,,,,3,false,
01549,訓子府町,北海道,クンネップチョウ,,unknown,,,,,3,false,
01550,置戸町,北海道,オケトチョウ,,unknown,,,,,3,false,
01552,佐呂間町,北海道,サロマチョウ,,unknown,,,,,3,false,
01555,遠軽町,北海道,エンガルチョウ,,unknown,,,,,3,false,
01559,湧別町,北海道,ユウベツチョウ,,unknown,,,,,3,false,
01560,滝上町,北海道,タキノウエチョウ,,unknown,,,,,3,false,
01561,興部町,北海道,オコッペチョウ,,unknown,,,,,3,false,
01562,西興部村,北海道,ニシオコッペムラ,,unknown,,,,,3,false,
01563,雄武町,北海道,オウムチョウ,,unknown,,,,,3,false,
01564,大空町,北海道,オオゾラチョウ,,unknown,,,,,3,false,
01571,豊浦町,北海道,トヨウラチョウ,,unknown,,,,,3,false,
01575,壮瞥町,北海道,ソウベツチョウ,,unknown,,,,,3,false,
01578,白老町,北海道,シラオイチョウ,,unknown,,,,,3,false,
01581,厚真町,北海道,アツマチョウ,,unknown,,,,,3,false,
01584,洞爺湖町,北海道,トウヤコチョウ,,unknown,,,,,3,false,
01585,安平町,北海道,アビラチョウ,,unknown,,,,,3,false,
01586,むかわ町,北海道,ムカワチョウ,,unknown,,,,,3,false,
01601,日高町,北海道,ヒダカチョウ,,unknown,,,,,3,false,
01602,平取町,北海道,ビラトリチョウ,,unknown,,,,,3,false,
01604,新冠町,北海道,ニイカップチョウ,,unknown,,,,,3,false,
01607,浦河町,北海道,ウラカワチョウ,,unknown,,,,,3,false,
01608,様似町,北海道,サマニチョウ,,unknown,,,,,3,false,
01609,えりも町,北海道,エリモチョウ,,unknown,,,,,3,false,
01610,新ひだか町,北海道,シンヒダカチョウ,,unknown,,,,,3,false,
01631,音更町,北海道,オトフケチョウ,,unknown,,,,,3,false,
01632,士幌町,北海道,シホロチョウ,,unknown,,,,,3,false,
01633,上士幌町,北海道,カミシホロチョウ,,unknown,,,,,3,false,
01634,鹿追町,北海道,シカオイチョウ,,unknown,,,,,3,false,
01635,新得町,北海道,シントクチョウ,,unknown,,,,,3,false,
01636,清水町,北海道,シミズチョウ,,unknown,,,,,3,false,
01637,芽室町,北海道,メムロチョウ,,unknown,,,,,3,false,
01638,中札内村,北海道,ナカサツナイムラ,,unknown,,,,,3,false,
01639,更別村,北海道,サラベツムラ,,unknown,,,,,3,false,
01641,大樹町,北海道,タイキチョウ,,unknown,,,,,3,false,
01642,広尾町,北海道,ヒロオチョウ,,unknown,,,,,3,false,
01643,幕別町,北海道,マクベツチョウ,,unknown,,,,,3,false,
01644,池田町,北海道,イケダチョウ,,unknown,,,,,3,false,
01645,豊頃町,北海道,トヨコロチョウ,,unknown,,,,,3,false,
01646,本別町,北海道,ホンベツチョウ,,unknown,,,,,3,false,
01647,足寄町,北海道,アショロチョウ,,unknown,,,,,3,false,
01648,陸別町,北海道,リクベツチョウ,,unknown,,,,,3,false,
01649,浦幌町,北海道,ウラホロチョウ,,unknown,,,,,3,false,
01661,釧路町,北海道,クシロチョウ,,unknown,,,,,3,false,
01662,厚岸町,北海道,アッケシチョウ,,unknown,,,,,3,false,
01663,浜中町,北海道,ハマナカチョウ,,unknown,,,,,3,false,
01664,標茶町,北海道,シベチャチョウ,,unknown,,,,,3,false,
01665,弟子屈町,北海道,テシカガチョウ,,unknown,,,,,3,false,
01667,鶴居村,北海道,ツルイムラ,,unknown,,,,,3,false,
01668,白糠町,北海道,シラヌカチョウ,,unknown,,,,,3,false,
01691,別海町,北海道,ベツカイチョウ,,unknown,,,,,3,false,
01692,中標津町,北海道,ナカシベツチョウ,,unknown,,,,,3,false,
01693,標津町,北海道,シベツチョウ,,unknown,,,,,3,false,
01694,羅臼町,北海道,ラウスチョウ,,unknown,,,,,3,false,
01695,色丹村,北海道,シコタンムラ,,unknown,,,,,3,false,
01696,泊村,北海道,トマリムラ,,unknown,,,,,3,false,
01697,留夜別村,北海道,ルヤベツムラ,,unknown,,,,,3,false,
01698,留別村,北海道,ルベツムラ,,unknown,,,,,3,false,
01699,紗那村,北海道,シャナムラ,,unknown,,,,,3,false,
01700,蘂取村,北海道,シベトロムラ,,unknown,,,,,3,false,
02000,青森県,青森県,アオモリケン,,unknown,,,,,3,false,prefecture_aggregate
02201,青森市,青森県,アオモリシ,,unknown,,,,,3,false,
02202,弘前市,青森県,ヒロサキシ,,unknown,,,,,3,false,
02203,八戸市,青森県,ハチノヘシ,,unknown,,,,,3,false,
02204,黒石市,青森県,クロイシシ,,unknown,,,,,3,false,
02205,五所川原市,青森県,ゴショガワラシ,,unknown,,,,,3,false,
02206,十和田市,青森県,トワダシ,,unknown,,,,,3,false,
02207,三沢市,青森県,ミサワシ,,unknown,,,,,3,false,
02208,むつ市,青森県,ムツシ,,unknown,,,,,3,false,
02209,つがる市,青森県,ツガルシ,,unknown,,,,,3,false,
02210,平川市,青森県,ヒラカワシ,,unknown,,,,,3,false,
02301,平内町,青森県,ヒラナイマチ,,unknown,,,,,3,false,
02303,今別町,青森県,イマベツマチ,,unknown,,,,,3,false,
02304,蓬田村,青森県,ヨモギタムラ,,unknown,,,,,3,false,
02307,外ヶ浜町,青森県,ソトガハママチ,,unknown,,,,,3,false,
02321,鰺ヶ沢町,青森県,アジガサワマチ,,unknown,,,,,3,false,
02323,深浦町,青森県,フカウラマチ,,unknown,,,,,3,false,
02343,西目屋村,青森県,ニシメヤムラ,,unknown,,,,,3,false,
02361,藤崎町,青森県,フジサキマチ,,unknown,,,,,3,false,
02362,大鰐町,青森県,オオワニマチ,,unknown,,,,,3,false,
02367,田舎館村,青森県,イナカダテムラ,,unknown,,,,,3,false,
02381,板柳町,青森県,イタヤナギマチ,,unknown,,,,,3,false,
02384,鶴田町,青森県,ツルタマチ,,unknown,,,,,3,false,
02387,中泊町,青森県,ナカドマリマチ,,unknown,,,,,3,false,
02401,野辺地町,青森県,ノヘジマチ,,unknown,,,,,3,false,
02402,七戸町,青森県,シチノヘマチ,,unknown,,,,,3,false,
02405,六戸町,青森県,ロクノヘマチ,,unknown,,,,,3,false,
02406,横浜町,青森県,ヨコハママチ,,unknown,,,,,3,false,
02408,東北町,青森県,トウホクマチ,,unknown,,,,,3,false,
02411,六ヶ所村,青森県,ロッカショムラ,,unknown,,,,,3,false,
02412,おいらせ町,青森県,オイラセチョウ,,unknown,,,,,3,false,
02423,大間町,青森県,オオママチ,,unknown,,,,,3,false,
02424,東通村,青森県,ヒガシドオリムラ,,unknown,,,,,3,false,
02425,風間浦村,青森県,カザマウラムラ,,unknown,,,,,3,false,
02426,佐井村,青森県,サイムラ,,unknown,,,,,3,false,
02441,三戸町,青森県,サンノヘマチ,,unknown,,,,,3,false,
02442,五戸町,青森県,ゴノヘマチ,,unknown,,,,,3,false,
02443,田子町,青森県,タッコマチ,,unknown,,,,,3,false,
02445,南部町,青森県,ナンブチョウ,,unknown,,,,,3,false,
02446,階上町,青森県,ハシカミチョウ,,unknown,,,,,3,false,
02450,新郷村,青森県,シンゴウムラ,,unknown,,,,,3,false,
03000,岩手県,岩手県,イワテケン,,unknown,,,,,3,false,prefecture_aggregate
03201,盛岡市,岩手県,モリオカシ,,unknown,,,,,3,false,
03202,宮古市,岩手県,ミヤコシ,,unknown,,,,,3,false,
03203,大船渡市,岩手県,オオフナトシ,,unknown,,,,,3,false,
03205,花巻市,岩手県,ハナマキシ,,unknown,,,,,3,false,
03206,北上市,岩手県,キタカミシ,,unknown,,,,,3,false,
03207,久慈市,岩手県,クジシ,,unknown,,,,,3,false,
03208,遠野市,岩手県,トオノシ,,unknown,,,,,3,false,
03209,一関市,岩手県,イチノセキシ,,unknown,,,,,3,false,
03210,陸前高田市,岩手県,リクゼンタカタシ,,unknown,,,,,3,false,
03211,釜石市,岩手県,カマイシシ,,unknown,,,,,3,false,
03213,二戸市,岩手県,ニノヘシ,,unknown,,,,,3,false,
03214,八幡平市,岩手県,ハチマンタイシ,,unknown,,,,,3,false,
03215,奥州市,岩手県,オウシュウシ,,unknown,,,,,3,false,
03216,滝沢市,岩手県,タキザワシ,,unknown,,,,,3,false,
03301,雫石町,岩手県,シズクイシチョウ,,unknown,,,,,3,false,
03302,葛巻町,岩手県,クズマキマチ,,unknown,,,,,3,false,
03303,岩手町,岩手県,イワテマチ,,unknown,,,,,3,false,
03321,紫波町,岩手県,シワチョウ,,unknown,,,,,3,false,
03322,矢巾町,岩手県,ヤハバチョウ,,unknown,,,,,3,false,
03366,西和賀町,岩手県,ニシワガマチ,,unknown,,,,,3,false,
03381,金ケ崎町,岩手県,カネガサキチョウ,,unknown,,,,,3,false,
03402,平泉町,岩手県,ヒライズミチョウ,,unknown,,,,,3,false,
03441,住田町,岩手県,スミタチョウ,,unknown,,,,,3,false,
03461,大槌町,岩手県,オオツチチョウ,,unknown,,,,,3,false,
03482,山田町,岩手県,ヤマダマチ,,unknown,,,,,3,false,
03483,岩泉町,岩手県,イワイズミチョウ,,unknown,,,,,3,false,
03484,田野畑村,岩手県,タノハタムラ,,unknown,,,,,3,false,
03485,普代村,岩手県,フダイムラ,,unknown,,,,,3,false,
03501,軽米町,岩手県,カルマイマチ,,unknown,,,,,3,false,
03503,野田村,岩手県,ノダムラ,,unknown,,,,,3,false,
03506,九戸村,岩手県,クノヘムラ,,unknown,,,,,3,false,
03507,洋野町,岩手県,ヒロノチョウ,,unknown,,,,,3,false,
03524,一戸町,岩手県,イチノヘマチ,,unknown,,,,,3,false,
04000,宮城県,宮城県,ミヤギケン,,unknown,,,,,3,false,prefecture_aggregate
04100,仙台市,宮城県,センダイシ,,unknown,,,,,3,false,
04202,石巻市,宮城県,イシノマキシ,,unknown,,,,,3,false,
04203,塩竈市,宮城県,シオガマシ,,unknown,,,,,3,false,
04205,気仙沼市,宮城県,ケセンヌマシ,,unknown,,,,,3,false,
04206,白石市,宮城県,シロイシシ,,unknown,,,,,3,false,
04207,名取市,宮城県,ナトリシ,,unknown,,,,,3,false,
04208,角田市,宮城県,カクダシ,,unknown,,,,,3,false,
04209,多賀城市,宮城県,タガジョウシ,,unknown,,,,,3,false,
04211,岩沼市,宮城県,イワヌマシ,,unknown,,,,,3,false,
04212,登米市,宮城県,トメシ,,unknown,,,,,3,false,
04213,栗原市,宮城県,クリハラシ,,unknown,,,,,3,false,
04214,東松島市,宮城県,ヒガシマツシマシ,,unknown,,,,,3,false,
04215,大崎市,宮城県,オオサキシ,,unknown,,,,,3,false,
04216,富谷市,宮城県,トミヤシ,,unknown,,,,,3,false,
04301,蔵王町,宮城県,ザオウマチ,,unknown,,,,,3,false,
04302,七ヶ宿町,宮城県,シチカシュクマチ,,unknown,,,,,3,false,
04321,大河原町,宮城県,オオガワラマチ,,unknown,,,,,3,false,
04322,村田町,宮城県,ムラタマチ,,unknown,,,,,3,false,
04323,柴田町,宮城県,シバタマチ,,unknown,,,,,3,false,
04324,川崎町,宮城県,カワサキマチ,,unknown,,,,,3,false,
04341,丸森町,宮城県,マルモリマチ,,unknown,,,,,3,false,
04361,亘理町,宮城県,ワタリチョウ,,unknown,,,,,3,false,
04362,山元町,宮城県,ヤマモトチョウ,,unknown,,,,,3,false,
04401,松島町,宮城県,マツシママチ,,unknown,,,,,3,false,
04404,七ヶ浜町,宮城県,シチガハママチ,,unknown,,,,,3,false,
04406,利府町,宮城県,リフチョウ,,unknown,,,,,3,false,
04421,大和町,宮城県,タイワチョウ,,unknown,,,,,3,false,
04422,大郷町,宮城県,オオサトチョウ,,unknown,,,,,3,false,
04424,大衡村,宮城県,オオヒラムラ,,unknown,,,,,3,false,
04444,色麻町,宮城県,シカマチョウ,,unknown,,,,,3,false,
04445,加美町,宮城県,カミマチ,,unknown,,,,,3,false,
04501,涌谷町,宮城県,ワクヤチョウ,,unknown,,,,,3,false,
04505,美里町,宮城県,ミサトマチ,,unknown,,,,,3,false,
04581,女川町,宮城県,オナガワチョウ,,unknown,,,,,3,false,
04606,南三陸町,宮城県,ミナミサンリクチョウ,,unknown,,,,,3,false,
05000,秋田県,秋田県,アキタケン,,unknown,,,,,3,false,prefecture_aggregate
05201,秋田市,秋田県,アキタシ,,unknown,,,,,3,false,
05202,能代市,秋田県,ノシロシ,,unknown,,,,,3,false,
05203,横手市,秋田県,ヨコテシ,,unknown,,,,,3,false,
05204,大館市,秋田県,オオダテシ,,unknown,,,,,3,false,
05206,男鹿市,秋田県,オガシ,,unknown,,,,,3,false,
05207,湯沢市,秋田県,ユザワシ,,unknown,,,,,3,false,
05209,鹿角市,秋田県,カヅノシ,,unknown,,,,,3,false,
05210,由利本荘市,秋田県,ユリホンジョウシ,,unknown,,,,,3,false,
05211,潟上市,秋田県,カタガミシ,,unknown,,,,,3,false,
05212,大仙市,秋田県,ダイセンシ,,unknown,,,,,3,false,
05213,北秋田市,秋田県,キタアキタシ,,unknown,,,,,3,false,
05214,にかほ市,秋田県,ニカホシ,,unknown,,,,,3,false,
05215,仙北市,秋田県,センボクシ,,unknown,,,,,3,false,
05303,小坂町,秋田県,コサカマチ,,unknown,,,,,3,false,
05327,上小阿仁村,秋田県,カミコアニムラ,,unknown,,,,,3,false,
05346,藤里町,秋田県,フジサトマチ,,unknown,,,,,3,false,
05348,三種町,秋田県,ミタネチョウ,,unknown,,,,,3,false,
05349,八峰町,秋田県,ハッポウチョウ,,unknown,,,,,3,false,
05361,五城目町,秋田県,ゴジョウメマチ,,unknown,,,,,3,false,
05363,八郎潟町,秋田県,ハチロウガタマチ,,unknown,,,,,3,false,
05366,井川町,秋田県,イカワマチ,,unknown,,,,,3,false,
05368,大潟村,秋田県,オオガタムラ,,unknown,,,,,3,false,
05434,美郷町,秋田県,ミサトチョウ,,unknown,,,,,3,false,
05463,羽後町,秋田県,ウゴマチ,,unknown,,,,,3,false,
05464,東成瀬村,秋田県,ヒガシナルセムラ,,unknown,,,,,3,false,
06000,山形県,山形県,ヤマガタケン,,unknown,,,,,3,false,prefecture_aggregate
06201,山形市,山形県,ヤマガタシ,,unknown,,,,,3,false,
06202,米沢市,山形県,ヨネザワシ,,unknown,,,,,3,false,
06203,鶴岡市,山形県,ツルオカシ,,unknown,,,,,3,false,
06204,酒田市,山形県,サカタシ,,unknown,,,,,3,false,
06205,新庄市,山形県,シンジョウシ,,unknown,,,,,3,false,
06206,寒河江市,山形県,サガエシ,,unknown,,,,,3,false,
06207,上山市,山形県,カミノヤマシ,,unknown,,,,,3,false,
06208,村山市,山形県,ムラヤマシ,,unknown,,,,,3,false,
06209,長井市,山形県,ナガイシ,,unknown,,,,,3,false,
06210,天童市,山形県,テンドウシ,,unknown,,,,,3,false,
06211,東根市,山形県,ヒガシネシ,,unknown,,,,,3,false,
06212,尾花沢市,山形県,オバナザワシ,,unknown,,,,,3,false,
06213,南陽市,山形県,ナンヨウシ,,unknown,,,,,3,false,
06301,山辺町,山形県,ヤマノベマチ,,unknown,,,,,3,false,
06302,中山町,山形県,ナカヤママチ,,unknown,,,,,3,false,
06321,河北町,山形県,カホクチョウ,,unknown,,,,,3,false,
06322,西川町,山形県,ニシカワマチ,,unknown,,,,,3,false,
06323,朝日町,山形県,アサヒマチ,,unknown,,,,,3,false,
06324,大江町,山形県,オオエマチ,,unknown,,,,,3,false,
06341,大石田町,山形県,オオイシダマチ,,unknown,,,,,3,false,
06361,金山町,山形県,カネヤママチ,,unknown,,,,,3,false,
06362,最上町,山形県,モガミマチ,,unknown,,,,,3,false,
06363,舟形町,山形県,フナガタマチ,,unknown,,,,,3,false,
06364,真室川町,山形県,マムロガワマチ,,unknown,,,,,3,false,
06365,大蔵村,山形県,オオクラムラ,,unknown,,,,,3,false,
06366,鮭川村,山形県,サケガワムラ,,unknown,,,,,3,false,
06367,戸沢村,山形県,トザワムラ,,unknown,,,,,3,false,
06381,高畠町,山形県,タカハタマチ,,unknown,,,,,3,false,
06382,川西町,山形県,カワニシマチ,,unknown,,,,,3,false,
06401,小国町,山形県,オグニマチ,,unknown,,,,,3,false,
06402,白鷹町,山形県,シラタカマチ,,unknown,,,,,3,false,
06403,飯豊町,山形県,イイデマチ,,unknown,,,,,3,false,
06426,三川町,山形県,ミカワマチ,,unknown,,,,,3,false,
06428,庄内町,山形県,シヨウナイマチ,,unknown,,,,,3,false,
06461,遊佐町,山形県,ユザマチ,,unknown,,,,,3,false,
07000,福島県,福島県,フクシマケン,,unknown,,,,,3,false,prefecture_aggregate
07201,福島市,福島県,フクシマシ,,unknown,,,,,3,false,
07202,会津若松市,福島県,アイヅワカマツシ,,unknown,,,,,3,false,
07203,郡山市,福島県,コオリヤマシ,,unknown,,,,,3,false,
07204,いわき市,福島県,イワキシ,,unknown,,,,,3,false,
07205,白河市,福島県,シラカワシ,,unknown,,,,,3,false,
07207,須賀川市,福島県,スカガワシ,,unknown,,,,,3,false,
07208,喜多方市,福島県,キタカタシ,,unknown,,,,,3,false,
07209,相馬市,福島県,ソウマシ,,unknown,,,,,3,false,
07210,二本松市,福島県,ニホンマツシ,,unknown,,,,,3,false,
07211,田村市,福島県,タムラシ,,unknown,,,,,3,false,
07212,南相馬市,福島県,ミナミソウマシ,,unknown,,,,,3,false,
07213,伊達市,福島県,ダテシ,,unknown,,,,,3,false,
07214,本宮市,福島県,モトミヤシ,,unknown,,,,,3,false,
07301,桑折町,福島県,コオリマチ,,unknown,,,,,3,false,
07303,国見町,福島県,クニミマチ,,unknown,,,,,3,false,
07308,川俣町,福島県,カワマタマチ,,unknown,,,,,3,false,
07322,大玉村,福島県,オオタマムラ,,unknown,,,,,3,false,
07342,鏡石町,福島県,カガミイシマチ,,unknown,,,,,3,false,
07344,天栄村,福島県,テンエイムラ,,unknown,,,,,3,false,
07362,下郷町,福島県,シモゴウマチ,,unknown,,,,,3,false,
07364,檜枝岐村,福島県,ヒノエマタムラ,,unknown,,,,,3,false,
07367,只見町,福島県,タダミマチ,,unknown,,,,,3,false,
07368,南会津町,福島県,ミナミアイヅマチ,,unknown,,,,,3,false,
07402,北塩原村,福島県,キタシオバラムラ,,unknown,,,,,3,false,
07405,西会津町,福島県,ニシアイヅマチ,,unknown,,,,,3,false,
07407,磐梯町,福島県,バンダイマチ,,unknown,,,,,3,false,
07408,猪苗代町,福島県,イナワシロマチ,,unknown,,,,,3,false,
07421,会津坂下町,福島県,アイヅバンゲマチ,,unknown,,,,,3,false,
07422,湯川村,福島県,ユガワムラ,,unknown,,,,,3,false,
07423,柳津町,福島県,ヤナイヅマチ,,unknown,,,,,3,false,
07444,三島町,福島県,ミシママチ,,unknown,,,,,3,false,
07445,金山町,福島県,カネヤママチ,,unknown,,,,,3,false,
07446,昭和村,福島県,ショウワムラ,,unknown,,,,,3,false,
07447,会津美里町,福島県,アイヅミサトマチ,,unknown,,,,,3,false,
07461,西郷村,福島県,ニシゴウムラ,,unknown,,,,,3,false,
07464,泉崎村,福島県,イズミザキムラ,,unknown,,,,,3,false,
07465,中島村,福島県,ナカジマムラ,,unknown,,,,,3,false,
07466,矢吹町,福島県,ヤブキマチ,,unknown,,,,,3,false,
07481,棚倉町,福島県,タナグラマチ,,unknown,,,,,3,false,
07482,矢祭町,福島県,ヤマツリマチ,,unknown,,,,,3,false,
07483,塙町,福島県,ハナワマチ,,unknown,,,,,3,false,
07484,鮫川村,福島県,サメガワムラ,,unknown,,,,,3,false,
07501,石川町,福島県,イシカワマチ,,unknown,,,,,3,false,
07502,玉川村,福島県,タマカワムラ,,unknown,,,,,3,false,
07503,平田村,福島県,ヒラタムラ,,unknown,,,,,3,false,
07504,浅川町,福島県,アサカワマチ,,unknown,,,,,3,false,
07505,古殿町,福島県,フルドノマチ,,unknown,,,,,3,false,
07521,三春町,福島県,ミハルマチ,,unknown,,,,,3,false,
07522,小野町,福島県,オノマチ,,unknown,,,,,3,false,
07541,広野町,福島県,ヒロノマチ,,unknown,,,,,3,false,
07542,楢葉町,福島県,ナラハマチ,,unknown,,,,,3,false,
07543,富岡町,福島県,トミオカマチ,,unknown,,,,,3,false,
07544,川内村,福島県,カワウチムラ,,unknown,,,,,3,false,
07545,大熊町,福島県,オオクママチ,,unknown,,,,,3,false,
07546,双葉町,福島県,フタバマチ,,unknown,,,,,3,false,
07547,浪江町,福島県,ナミエマチ,,unknown,,,,,3,false,
07548,葛尾村,福島県,カツラオムラ,,unknown,,,,,3,false,
07561,新地町,福島県,シンチマチ,,unknown,,,,,3,false,
07564,飯舘村,福島県,イイタテムラ,,unknown,,,,,3,false,
08000,茨城県,茨城県,イバラキケン,,unknown,,,,,3,false,prefecture_aggregate
08201,水戸市,茨城県,ミトシ,,unknown,,,,,3,false,
08202,日立市,茨城県,ヒタチシ,,unknown,,,,,3,false,
08203,土浦市,茨城県,ツチウラシ,,unknown,,,,,3,false,
08204,古河市,茨城県,コガシ,,unknown,,,,,3,false,
08205,石岡市,茨城県,イシオカシ,,unknown,,,,,3,false,
08207,結城市,茨城県,ユウキシ,,unknown,,,,,3,false,
08208,龍ケ崎市,茨城県,リュウガサキシ,,unknown,,,,,3,false,
08210,下妻市,茨城県,シモツマシ,,unknown,,,,,3,false,
08211,常総市,茨城県,ジョウソウシ,,unknown,,,,,3,false,
08212,常陸太田市,茨城県,ヒタチオオタシ,,unknown,,,,,3,false,
08214,高萩市,茨城県,タカハギシ,,unknown,,,,,3,false,
08215,北茨城市,茨城県,キタイバラキシ,,unknown,,,,,3,false,
08216,笠間市,茨城県,カサマシ,,unknown,,,,,3,false,
08217,取手市,茨城県,トリデシ,,unknown,,,,,3,false,
08219,牛久市,茨城県,ウシクシ,,unknown,,,,,3,false,
08220,つくば市,茨城県,ツクバシ,,unknown,,,,,3,false,
08221,ひたちなか市,茨城県,ヒタチナカシ,,unknown,,,,,3,false,
08222,鹿嶋市,茨城県,カシマシ,,unknown,,,,,3,false,
08223,潮来市,茨城県,イタコシ,,unknown,,,,,3,false,
08224,守谷市,茨城県,モリヤシ,,unknown,,,,,3,false,
08225,常陸大宮市,茨城県,ヒタチオオミヤシ,,unknown,,,,,3,false,
08226,那珂市,茨城県,ナカシ,,unknown,,,,,3,false,
08227,筑西市,茨城県,チクセイシ,,unknown,,,,,3,false,
08228,坂東市,茨城県,バンドウシ,,unknown,,,,,3,false,
08229,稲敷市,茨城県,イナシキシ,,unknown,,,,,3,false,
08230,かすみがうら市,茨城県,カスミガウラシ,,unknown,,,,,3,false,
08231,桜川市,茨城県,サクラガワシ,,unknown,,,,,3,false,
08232,神栖市,茨城県,カミスシ,,unknown,,,,,3,false,
08233,行方市,茨城県,ナメガタシ,,unknown,,,,,3,false,
08234,鉾田市,茨城県,ホコタシ,,unknown,,,,,3,false,
08235,つくばみらい市,茨城県,ツクバミライシ,,unknown,,,,,3,false,
08236,小美玉市,茨城県,オミタマシ,,unknown,,,,,3,false,
08302,茨城町,茨城県,イバラキマチ,,unknown,,,,,3,false,
08309,大洗町,茨城県,オオアライマチ,,unknown,,,,,3,false,
08310,城里町,茨城県,シロサトマチ,,unknown,,,,,3,false,
08341,東海村,茨城県,トウカイムラ,,unknown,,,,,3,false,
08364,大子町,茨城県,ダイゴマチ,,unknown,,,,,3,false,
08442,美浦村,茨城県,ミホムラ,,unknown,,,,,3,false,
08443,阿見町,茨城県,アミマチ,,unknown,,,,,3,false,
08447,河内町,茨城県,カワチマチ,,unknown,,,,,3,false,
08521,八千代町,茨城県,ヤチヨマチ,,unknown,,,,,3,false,
08542,五霞町,茨城県,ゴカマチ,,unknown,,,,,3,false,
08546,境町,茨城県,サカイマチ,,unknown,,,,,3,false,
08564,利根町,茨城県,トネマチ,,unknown,,,,,3,false,
09000,栃木県,栃木県,トチギケン,,unknown,,,,,3,false,prefecture_aggregate
09201,宇都宮市,栃木県,ウツノミヤシ,,unknown,,,,,3,false,
09202,足利市,栃木県,アシカガシ,,unknown,,,,,3,false,
09203,栃木市,栃木県,トチギシ,,unknown,,,,,3,false,
09204,佐野市,栃木県,サノシ,,unknown,,,,,3,false,
09205,鹿沼市,栃木県,カヌマシ,,unknown,,,,,3,false,
09206,日光市,栃木県,ニッコウシ,,unknown,,,,,3,false,
09208,小山市,栃木県,オヤマシ,,unknown,,,,,3,false,
09209,真岡市,栃木県,モオカシ,,unknown,,,,,3,false,
09210,大田原市,栃木県,オオタワラシ,,unknown,,,,,3,false,
09211,矢板市,栃木県,ヤイタシ,,unknown,,,,,3,false,
09213,那須塩原市,栃木県,ナスシオバラシ,,unknown,,,,,3,false,
09214,さくら市,栃木県,サクラシ,,unknown,,,,,3,false,
09215,那須烏山市,栃木県,ナスカラスヤマシ,,unknown,,,,,3,false,
09216,下野市,栃木県,シモツケシ,,unknown,,,,,3,false,
09301,上三川町,栃木県,カミノカワマチ,,unknown,,,,,3,false,
09342,益子町,栃木県,マシコマチ,,unknown,,,,,3,false,
09343,茂木町,栃木県,モテギマチ,,unknown,,,,,3,false,
09344,市貝町,栃木県,イチカイマチ,,unknown,,,,,3,false,
09345,芳賀町,栃木県,ハガマチ,,unknown,,,,,3,false,
09361,壬生町,栃木県,ミブマチ,,unknown,,,,,3,false,
09364,野木町,栃木県,ノギマチ,,unknown,,,,,3,false,
09384,塩谷町,栃木県,シオヤマチ,,unknown,,,,,3,false,
09386,高根沢町,栃木県,タカネザワマチ,,unknown,,,,,3,false,
09407,那須町,栃木県,ナスマチ,,unknown,,,,,3,false,
09411,那珂川町,栃木県,ナカガワマチ,,unknown,,,,,3,false,
10000,群馬県,群馬県,グンマケン,,unknown,,,,,3,false,prefecture_aggregate
10201,前橋市,群馬県,マエバシシ,,unknown,,,,,3,false,
10202,高崎市,群馬県,タカサキシ,,unknown,,,,,3,false,
10203,桐生市,群馬県,キリュウシ,,unknown,,,,,3,false,
10204,伊勢崎市,群馬県,イセサキシ,,unknown,,,,,3,false,
10205,太田市,群馬県,オオタシ,,unknown,,,,,3,false,
10206,沼田市,群馬県,ヌマタシ,,unknown,,,,,3,false,
10207,館林市,群馬県,タテバヤシシ,,unknown,,,,,3,false,
10208,渋川市,群馬県,シブカワシ,,unknown,,,,,3,false,
10209,藤岡市,群馬県,フジオカシ,,unknown,,,,,3,false,
10210,富岡市,群馬県,トミオカシ,,unknown,,,,,3,false,
10211,安中市,群馬県,アンナカシ,,unknown,,,,,3,false,
10212,みどり市,群馬県,ミドリシ,,unknown,,,,,3,false,
10344,榛東村,群馬県,シントウムラ,,unknown,,,,,3,false,
10345,吉岡町,群馬県,ヨシオカマチ,,unknown,,,,,3,false,
10366,上野村,群馬県,ウエノムラ,,unknown,,,,,3,false,
10367,神流町,群馬県,カンナマチ,,unknown,,,,,3,false,
10382,下仁田町,群馬県,シモニタマチ,,unknown,,,,,3,false,
10383,南牧村,群馬県,ナンモクムラ,,unknown,,,,,3,false,
10384,甘楽町,群馬県,カンラマチ,,unknown,,,,,3,false,
10421,中之条町,群馬県,ナカノジヨウマチ,,unknown,,,,,3,false,
10424,長野原町,群馬県,ナガノハラマチ,,unknown,,,,,3,false,
10425,嬬恋村,群馬県,ツマゴイムラ,,unknown,,,,,3,false,
10426,草津町,群馬県,クサツマチ,,unknown,,,,,3,false,
10428,高山村,群馬県,タカヤマムラ,,unknown,,,,,3,false,
10429,東吾妻町,群馬県,ヒガシアガツママチ,,unknown,,,,,3,false,
10443,片品村,群馬県,カタシナムラ,,unknown,,,,,3,false,
10444,川場村,群馬県,カワバムラ,,unknown,,,,,3,false,
10448,昭和村,群馬県,ショウワムラ,,unknown,,,,,3,false,
10449,みなかみ町,群馬県,ミナカミマチ,,unknown,,,,,3,false,
10464,玉村町,群馬県,タマムラマチ,,unknown,,,,,3,false,
10521,板倉町,群馬県,イタクラマチ,,unknown,,,,,3,false,
10522,明和町,群馬県,メイワマチ,,unknown,,,,,3,false,
10523,千代田町,群馬県,チヨダマチ,,unknown,,,,,3,false,
10524,大泉町,群馬県,オオイズミマチ,,unknown,,,,,3,false,
10525,邑楽町,群馬県,オウラマチ,,unknown,,,,,3,false,
11000,埼玉県,埼玉県,サイタマケン,,unknown,,,,,3,false,prefecture_aggregate
11100,さいたま市,埼玉県,サイタマシ,,unknown,,,,,3,false,
11201,川越市,埼玉県,カワゴエシ,,unknown,,,,,3,false,
11202,熊谷市,埼玉県,クマガヤシ,,unknown,,,,,3,false,
11203,川口市,埼玉県,カワグチシ,,unknown,,,,,3,false,
11206,行田市,埼玉県,ギヨウダシ,,unknown,,,,,3,false,
11207,秩父市,埼玉県,チチブシ,,unknown,,,,,3,false,
11208,所沢市,埼玉県,トコロザワシ,,unknown,,,,,3,false,
11209,飯能市,埼玉県,ハンノウシ,,unknown,,,,,3,false,
11210,加須市,埼玉県,カゾシ,,unknown,,,,,3,false,
11211,本庄市,埼玉県,ホンジヨウシ,,unknown,,,,,3,false,
11212,東松山市,埼玉県,ヒガシマツヤマシ,,unknown,,,,,3,false,
11214,春日部市,埼玉県,カスカベシ,,unknown,,,,,3,false,
11215,狭山市,埼玉県,サヤマシ,,unknown,,,,,3,false,
11216,羽生市,埼玉県,ハニユウシ,,unknown,,,,,3,false,
11217,鴻巣市,埼玉県,コウノスシ,,unknown,,,,,3,false,
11218,深谷市,埼玉県,フカヤシ,,unknown,,,,,3,false,
11219,上尾市,埼玉県,アゲオシ,,unknown,,,,,3,false,
11221,草加市,埼玉県,ソウカシ,,unknown,,,,,3,false,
11222,越谷市,埼玉県,コシガヤシ,,unknown,,,,,3,false,
11223,蕨市,埼玉県,ワラビシ,,unknown,,,,,3,false,
11224,戸田市,埼玉県,トダシ,,unknown,,,,,3,false,
11225,入間市,埼玉県,イルマシ,,unknown,,,,,3,false,
11227,朝霞市,埼玉県,アサカシ,,unknown,,,,,3,false,
11228,志木市,埼玉県,シキシ,,unknown,,,,,3,false,
11229,和光市,埼玉県,ワコウシ,,unknown,,,,,3,false,
11230,新座市,埼玉県,ニイザシ,,unknown,,,,,3,false,
11231,桶川市,埼玉県,オケガワシ,,unknown,,,,,3,false,
11232,久喜市,埼玉県,クキシ,,unknown,,,,,3,false,
11233,北本市,埼玉県,キタモトシ,,unknown,,,,,3,false,
11234,八潮市,埼玉県,ヤシオシ,,unknown,,,,,3,false,
11235,富士見市,埼玉県,フジミシ,,unknown,,,,,3,false,
11237,三郷市,埼玉県,ミサトシ,,unknown,,,,,3,false,
11238,蓮田市,埼玉県,ハスダシ,,unknown,,,,,3,false,
11239,坂戸市,埼玉県,サカドシ,,unknown,,,,,3,false,
11240,幸手市,埼玉県,サッテシ,,unknown,,,,,3,false,
11241,鶴ヶ島市,埼玉県,ツルガシマシ,,unknown,,,,,3,false,
11242,日高市,埼玉県,ヒダカシ,,unknown,,,,,3,false,
11243,吉川市,埼玉県,ヨシカワシ,,unknown,,,,,3,false,
11245,ふじみ野市,埼玉県,フジミノシ,,unknown,,,,,3,false,
11246,白岡市,埼玉県,シラオカシ,,unknown,,,,,3,false,
11301,伊奈町,埼玉県,イナマチ,,unknown,,,,,3,false,
11324,三芳町,埼玉県,ミヨシマチ,,unknown,,,,,3,false,
11326,毛呂山町,埼玉県,モロヤママチ,,unknown,,,,,3,false,
11327,越生町,埼玉県,オゴセマチ,,unknown,,,,,3,false,
11341,滑川町,埼玉県,ナメガワマチ,,unknown,,,,,3,false,
11342,嵐山町,埼玉県,ランザンマチ,,unknown,,,,,3,false,
11343,小川町,埼玉県,オガワマチ,,unknown,,,,,3,false,
11346,川島町,埼玉県,カワジママチ,,unknown,,,,,3,false,
11347,吉見町,埼玉県,ヨシミマチ,,unknown,,,,,3,false,
11348,鳩山町,埼玉県,ハトヤママチ,,unknown,,,,,3,false,
11349,ときがわ町,埼玉県,トキガワマチ,,unknown,,,,,3,false,
11361,横瀬町,埼玉県,ヨコゼマチ,,unknown,,,,,3,false,
11362,皆野町,埼玉県,ミナノマチ,,unknown,,,,,3,false,
11363,長瀞町,埼玉県,ナガトロマチ,,unknown,,,,,3,false,
11365,小鹿野町,埼玉県,オガノマチ,,unknown,,,,,3,false,
11369,東秩父村,埼玉県,ヒガシチチブムラ,,unknown,,,,,3,false,
11381,美里町,埼玉県,ミサトマチ,,unknown,,,,,3,false,
11383,神川町,埼玉県,カミカワマチ,,unknown,,,,,3,false,
11385,上里町,埼玉県,カミサトマチ,,unknown,,,,,3,false,
11408,寄居町,埼玉県,ヨリイマチ,,unknown,,,,,3,false,
11442,宮代町,埼玉県,ミヤシロマチ,,unknown,,,,,3,false,
11464,杉戸町,埼玉県,スギトマチ,,unknown,,,,,3,false,
11465,松伏町,埼玉県,マツブシマチ,,unknown,,,,,3,false,
12000,千葉県,千葉県,チバケン,,unknown,,,,,3,false,prefecture_aggregate
12100,千葉市,千葉県,チバシ,,unknown,,,,,3,false,
12202,銚子市,千葉県,チョウシシ,,unknown,,,,,3,false,
12203,市川市,千葉県,イチカワシ,,unknown,,,,,3,false,
12204,船橋市,千葉県,フナバシシ,,unknown,,,,,3,false,
12205,館山市,千葉県,タテヤマシ,,unknown,,,,,3,false,
12206,木更津市,千葉県,キサラヅシ,,unknown,,,,,3,false,
12207,松戸市,千葉県,マツドシ,,unknown,,,,,3,false,
12208,野田市,千葉県,ノダシ,,unknown,,,,,3,false,
12210,茂原市,千葉県,モバラシ,,unknown,,,,,3,false,
12211,成田市,千葉県,ナリタシ,,unknown,,,,,3,false,
12212,佐倉市,千葉県,サクラシ,,unknown,,,,,3,false,
12213,東金市,千葉県,トウガネシ,,unknown,,,,,3,false,
12215,旭市,千葉県,アサヒシ,,unknown,,,,,3,false,
12216,習志野市,千葉県,ナラシノシ,,unknown,,,,,3,false,
12217,柏市,千葉県,カシワシ,,unknown,,,,,3,false,
12218,勝浦市,千葉県,カツウラシ,,unknown,,,,,3,false,
12219,市原市,千葉県,イチハラシ,,unknown,,,,,3,false,
12220,流山市,千葉県,ナガレヤマシ,,unknown,,,,,3,false,
12221,八千代市,千葉県,ヤチヨシ,,unknown,,,,,3,false,
12222,我孫子市,千葉県,アビコシ,,unknown,,,,,3,false,
12223,鴨川市,千葉県,カモガワシ,,unknown,,,,,3,false,
12224,鎌ケ谷市,千葉県,カマガヤシ,,unknown,,,,,3,false,
12225,君津市,千葉県,キミツシ,,unknown,,,,,3,false,
12226,富津市,千葉県,フッツシ,,unknown,,,,,3,false,
12227,浦安市,千葉県,ウラヤスシ,,unknown,,,,,3,false,
12228,四街道市,千葉県,ヨツカイドウシ,,unknown,,,,,3,false,
12229,袖ケ浦市,千葉県,ソデガウラシ,,unknown,,,,,3,false,
12230,八街市,千葉県,ヤチマタシ,,unknown,,,,,3,false,
12231,印西市,千葉県,インザイシ,,unknown,,,,,3,false,
12232,白井市,千葉県,シロイシ,,unknown,,,,,3,false,
12233,富里市,千葉県,トミサトシ,,unknown,,,,,3,false,
12234,南房総市,千葉県,ミナミボウソウシ,,unknown,,,,,3,false,
12235,匝瑳市,千葉県,ソウサシ,,unknown,,,,,3,false,
12236,香取市,千葉県,カトリシ,,unknown,,,,,3,false,
12237,山武市,千葉県,サンムシ,,unknown,,,,,3,false,
12238,いすみ市,千葉県,イスミシ,,unknown,,,,,3,false,
12239,大網白里市,千葉県,オオアミシラサトシ,,unknown,,,,,3,false,
12322,酒々井町,千葉県,シスイマチ,,unknown,,,,,3,false,
12329,栄町,千葉県,サカエマチ,,unknown,,,,,3,false,
12342,神崎町,千葉県,コウザキマチ,,unknown,,,,,3,false,
12347,多古町,千葉県,タコマチ,,unknown,,,,,3,false,
12349,東庄町,千葉県,トウノショウマチ,,unknown,,,,,3,false,
12403,九十九里町,千葉県,クジユウクリマチ,,unknown,,,,,3,false,
12409,芝山町,千葉県,シバヤママチ,,unknown,,,,,3,false,
12410,横芝光町,千葉県,ヨコシバヒカリマチ,,unknown,,,,,3,false,
12421,一宮町,千葉県,イチノミヤマチ,,unknown,,,,,3,false,
12422,睦沢町,千葉県,ムツザワマチ,,unknown,,,,,3,false,
12423,長生村,千葉県,チョウセイムラ,,unknown,,,,,3,false,
12424,白子町,千葉県,シラコマチ,,unknown,,,,,3,false,
12426,長柄町,千葉県,ナガラマチ,,unknown,,,,,3,false,
12427,長南町,千葉県,チョウナンマチ,,unknown,,,,,3,false,
12441,大多喜町,千葉県,オオタキマチ,,unknown,,,,,3,false,
12443,御宿町,千葉県,オンジユクマチ,,unknown,,,,,3,false,
12463,鋸南町,千葉県,キヨナンマチ,,unknown,,,,,3,false,
13000,東京都,東京都,トウキョウト,,unknown,,,,,3,false,prefecture_aggregate
13101,千代田区,東京都,チヨダク,,db_search,http://www.city.chiyoda.tokyo.dbsr.jp/,,,,1,false,chiyoda (DB-Search)
13102,中央区,東京都,チュウオウク,,custom,https://www.kugikai.city.chuo.lg.jp/kaigiroku/,,,,1,false,chuo (independent site)
13103,港区,東京都,ミナトク,,voices_asp,https://gikai2.city.minato.tokyo.jp/voices,,,,1,false,minato
13104,新宿区,東京都,シンジュクク,,kaigiroku,https://ssp.kaigiroku.net/tenant/shinjuku,shinjuku,,,1,false,shinjuku (DiscussNet SPA; verified via app-mints.com listing)
13105,文京区,東京都,ブンキョウク,,db_search,https://www.city.bunkyo.tokyo.dbsr.jp/,,,,1,false,bunkyo (DB-Search)
13106,台東区,東京都,タイトウク,,voices_asp,https://taito.gijiroku.com/voices,,,,1,false,taito
13107,墨田区,東京都,スミダク,,kaigiroku,https://ssp.kaigiroku.net/tenant/sumida,sumida,,,1,false,sumida (DiscussNet SPA)
13108,江東区,東京都,コウトウク,,db_search,https://www.city.koto.tokyo.dbsr.jp/,,,,1,false,koto (DB-Search)
13109,品川区,東京都,シナガワク,,db_search,https://kaigiroku.city.shinagawa.tokyo.jp/,,,,1,false,shinagawa (likely DB-Search; verify Phase 3)
13110,目黒区,東京都,メグロク,,kensakusystem_legacy,https://www.kensakusystem.jp/meguro,,,,1,false,meguro (kensakusystem.jp legacy HTML4)
13111,大田区,東京都,オオタク,,voices_asp,https://www.gikai-ota-tokyo.jp/ota,,,,1,false,ota (voices_asp; g08v_search.asp at /ota/ subpath instead of /voices/)
13112,世田谷区,東京都,セタガヤク,,voices_asp,https://kugi.city.setagaya.tokyo.jp/voices,,,,1,false,setagaya (NOT DiscussNet; voices_asp vendor)
13113,渋谷区,東京都,シブヤク,,custom,https://shibukugi.tokyo/chukei_kaigiroku/,,,,1,false,shibuya (independent CMS by Kaigiroku-Kenkyusho; legacy at kaigiroku.net/kensaku/shibuya/)
13114,中野区,東京都,ナカノク,,custom,https://kugikai-nakano.jp/search.html,,,,1,false,nakano (independent)
13115,杉並区,東京都,スギナミク,,voices_asp,https://suginami.gijiroku.com/voices,,,,1,false,suginami
13116,豊島区,東京都,トシマク,,kensakusystem_legacy,https://www.kensakusystem.jp/toshima,,,,1,false,toshima (kensakusystem.jp legacy HTML4; charset Shift_JIS)
13117,北区,東京都,キタク,,custom,https://www.discusscabinet.net/kitakugikai/list,,,,1,false,kita (Discuss Cabinet by NTT-AT; new product line found; verify Phase 3)
13118,荒川区,東京都,アラカワク,,kaigiroku,https://ssp.kaigiroku.net/tenant/arakawa,arakawa,,,1,false,arakawa (DiscussNet SPA; the only 23-ward DiscussNet)
13119,板橋区,東京都,イタバシク,,voices_asp,https://itabashi.gijiroku.com/voices,,,,1,false,itabashi
13120,練馬区,東京都,ネリマク,,custom,https://www.city.nerima.tokyo.jp/gikai/kaigiroku.html,,,,1,false,nerima (indirection page; system TBD)
13121,足立区,東京都,アダチク,,voices_asp,https://www.gikai-adachi.jp/voices,,,,1,false,adachi
13122,葛飾区,東京都,カツシカク,,kensakusystem_legacy,https://www.kensakusystem.jp/katsushika,,,,1,false,katsushika (kensakusystem.jp legacy HTML4)
13123,江戸川区,東京都,エドガワク,,voices_asp,https://www.gikai.city.edogawa.tokyo.jp/voices,,,,1,false,edogawa
13201,八王子市,東京都,ハチオウジシ,,unknown,,,,,3,false,
13202,立川市,東京都,タチカワシ,,unknown,,,,,3,false,
13203,武蔵野市,東京都,ムサシノシ,,unknown,,,,,3,false,
13204,三鷹市,東京都,ミタカシ,,unknown,,,,,3,false,
13205,青梅市,東京都,オウメシ,,unknown,,,,,3,false,
13206,府中市,東京都,フチュウシ,,unknown,,,,,3,false,
13207,昭島市,東京都,アキシマシ,,unknown,,,,,3,false,
13208,調布市,東京都,チョウフシ,,unknown,,,,,3,false,
13209,町田市,東京都,マチダシ,,unknown,,,,,3,false,
13210,小金井市,東京都,コガネイシ,,unknown,,,,,3,false,
13211,小平市,東京都,コダイラシ,,unknown,,,,,3,false,
13212,日野市,東京都,ヒノシ,,unknown,,,,,3,false,
13213,東村山市,東京都,ヒガシムラヤマシ,,unknown,,,,,3,false,
13214,国分寺市,東京都,コクブンジシ,,unknown,,,,,3,false,
13215,国立市,東京都,クニタチシ,,unknown,,,,,3,false,
13218,福生市,東京都,フッサシ,,unknown,,,,,3,false,
13219,狛江市,東京都,コマエシ,,unknown,,,,,3,false,
13220,東大和市,東京都,ヒガシヤマトシ,,unknown,,,,,3,false,
13221,清瀬市,東京都,キヨセシ,,unknown,,,,,3,false,
13222,東久留米市,東京都,ヒガシクルメシ,,unknown,,,,,3,false,
13223,武蔵村山市,東京都,ムサシムラヤマシ,,unknown,,,,,3,false,
13224,多摩市,東京都,タマシ,,unknown,,,,,3,false,
13225,稲城市,東京都,イナギシ,,unknown,,,,,3,false,
13227,羽村市,東京都,ハムラシ,,unknown,,,,,3,false,
13228,あきる野市,東京都,アキルノシ,,unknown,,,,,3,false,
13229,西東京市,東京都,ニシトウキョウシ,,unknown,,,,,3,false,
13303,瑞穂町,東京都,ミズホマチ,,unknown,,,,,3,false,
13305,日の出町,東京都,ヒノデマチ,,unknown,,,,,3,false,
13307,檜原村,東京都,ヒノハラムラ,,unknown,,,,,3,false,
13308,奥多摩町,東京都,オクタママチ,,unknown,,,,,3,false,
13361,大島町,東京都,オオシママチ,,unknown,,,,,3,false,
13362,利島村,東京都,トシマムラ,,unknown,,,,,3,false,
13363,新島村,東京都,ニイジマムラ,,unknown,,,,,3,false,
13364,神津島村,東京都,コウヅシマムラ,,unknown,,,,,3,false,
13381,三宅村,東京都,ミヤケムラ,,unknown,,,,,3,false,
13382,御蔵島村,東京都,ミクラジマムラ,,unknown,,,,,3,false,
13401,八丈町,東京都,ハチジョウマチ,,unknown,,,,,3,false,
13402,青ヶ島村,東京都,アオガシマムラ,,unknown,,,,,3,false,
13421,小笠原村,東京都,オガサワラムラ,,unknown,,,,,3,false,
14000,神奈川県,神奈川県,カナガワケン,,unknown,,,,,3,false,prefecture_aggregate
14100,横浜市,神奈川県,ヨコハマシ,,kaigiroku,http://giji.city.yokohama.lg.jp/tenant/yokohama,yokohama,,,1,false,yokohama (DiscussNet white-label; HTTP not HTTPS; charset Shift_JIS)
14130,川崎市,神奈川県,カワサキシ,,unknown,,,,,3,false,
14150,相模原市,神奈川県,サガミハラシ,,unknown,,,,,3,false,
14201,横須賀市,神奈川県,ヨコスカシ,,unknown,,,,,3,false,
14203,平塚市,神奈川県,ヒラツカシ,,unknown,,,,,3,false,
14204,鎌倉市,神奈川県,カマクラシ,,unknown,,,,,3,false,
14205,藤沢市,神奈川県,フジサワシ,,unknown,,,,,3,false,
14206,小田原市,神奈川県,オダワラシ,,unknown,,,,,3,false,
14207,茅ヶ崎市,神奈川県,チガサキシ,,unknown,,,,,3,false,
14208,逗子市,神奈川県,ズシシ,,unknown,,,,,3,false,
14210,三浦市,神奈川県,ミウラシ,,unknown,,,,,3,false,
14211,秦野市,神奈川県,ハダノシ,,unknown,,,,,3,false,
14212,厚木市,神奈川県,アツギシ,,unknown,,,,,3,false,
14213,大和市,神奈川県,ヤマトシ,,unknown,,,,,3,false,
14214,伊勢原市,神奈川県,イセハラシ,,unknown,,,,,3,false,
14215,海老名市,神奈川県,エビナシ,,unknown,,,,,3,false,
14216,座間市,神奈川県,ザマシ,,unknown,,,,,3,false,
14217,南足柄市,神奈川県,ミナミアシガラシ,,unknown,,,,,3,false,
14218,綾瀬市,神奈川県,アヤセシ,,unknown,,,,,3,false,
14301,葉山町,神奈川県,ハヤママチ,,unknown,,,,,3,false,
14321,寒川町,神奈川県,サムカワマチ,,unknown,,,,,3,false,
14341,大磯町,神奈川県,オオイソマチ,,unknown,,,,,3,false,
14342,二宮町,神奈川県,ニノミヤマチ,,unknown,,,,,3,false,
14361,中井町,神奈川県,ナカイマチ,,unknown,,,,,3,false,
14362,大井町,神奈川県,オオイマチ,,unknown,,,,,3,false,
14363,松田町,神奈川県,マツダマチ,,unknown,,,,,3,false,
14364,山北町,神奈川県,ヤマキタマチ,,unknown,,,,,3,false,
14366,開成町,神奈川県,カイセイマチ,,unknown,,,,,3,false,
14382,箱根町,神奈川県,ハコネマチ,,unknown,,,,,3,false,
14383,真鶴町,神奈川県,マナヅルマチ,,unknown,,,,,3,false,
14384,湯河原町,神奈川県,ユガワラマチ,,unknown,,,,,3,false,
14401,愛川町,神奈川県,アイカワマチ,,unknown,,,,,3,false,
14402,清川村,神奈川県,キヨカワムラ,,unknown,,,,,3,false,
15000,新潟県,新潟県,ニイガタケン,,unknown,,,,,3,false,prefecture_aggregate
15100,新潟市,新潟県,ニイガタシ,,unknown,,,,,3,false,
15202,長岡市,新潟県,ナガオカシ,,unknown,,,,,3,false,
15204,三条市,新潟県,サンジョウシ,,unknown,,,,,3,false,
15205,柏崎市,新潟県,カシワザキシ,,unknown,,,,,3,false,
15206,新発田市,新潟県,シバタシ,,unknown,,,,,3,false,
15208,小千谷市,新潟県,オヂヤシ,,unknown,,,,,3,false,
15209,加茂市,新潟県,カモシ,,unknown,,,,,3,false,
15210,十日町市,新潟県,トオカマチシ,,unknown,,,,,3,false,
15211,見附市,新潟県,ミツケシ,,unknown,,,,,3,false,
15212,村上市,新潟県,ムラカミシ,,unknown,,,,,3,false,
15213,燕市,新潟県,ツバメシ,,unknown,,,,,3,false,
15216,糸魚川市,新潟県,イトイガワシ,,unknown,,,,,3,false,
15217,妙高市,新潟県,ミョウコウシ,,unknown,,,,,3,false,
15218,五泉市,新潟県,ゴセンシ,,unknown,,,,,3,false,
15222,上越市,新潟県,ジョウエツシ,,unknown,,,,,3,false,
15223,阿賀野市,新潟県,アガノシ,,unknown,,,,,3,false,
15224,佐渡市,新潟県,サドシ,,unknown,,,,,3,false,
15225,魚沼市,新潟県,ウオヌマシ,,unknown,,,,,3,false,
15226,南魚沼市,新潟県,ミナミウオヌマシ,,unknown,,,,,3,false,
15227,胎内市,新潟県,タイナイシ,,unknown,,,,,3,false,
15307,聖籠町,新潟県,セイロウマチ,,unknown,,,,,3,false,
15342,弥彦村,新潟県,ヤヒコムラ,,unknown,,,,,3,false,
15361,田上町,新潟県,タガミマチ,,unknown,,,,,3,false,
15385,阿賀町,新潟県,アガマチ,,unknown,,,,,3,false,
15405,出雲崎町,新潟県,イズモザキマチ,,unknown,,,,,3,false,
15461,湯沢町,新潟県,ユザワマチ,,unknown,,,,,3,false,
15482,津南町,新潟県,ツナンマチ,,unknown,,,,,3,false,
15504,刈羽村,新潟県,カリワムラ,,unknown,,,,,3,false,
15581,関川村,新潟県,セキカワムラ,,unknown,,,,,3,false,
15586,粟島浦村,新潟県,アワシマウラムラ,,unknown,,,,,3,false,
16000,富山県,富山県,トヤマケン,,unknown,,,,,3,false,prefecture_aggregate
16201,富山市,富山県,トヤマシ,,unknown,,,,,3,false,
16202,高岡市,富山県,タカオカシ,,unknown,,,,,3,false,
16204,魚津市,富山県,ウオヅシ,,unknown,,,,,3,false,
16205,氷見市,富山県,ヒミシ,,unknown,,,,,3,false,
16206,滑川市,富山県,ナメリカワシ,,unknown,,,,,3,false,
16207,黒部市,富山県,クロベシ,,unknown,,,,,3,false,
16208,砺波市,富山県,トナミシ,,unknown,,,,,3,false,
16209,小矢部市,富山県,オヤベシ,,unknown,,,,,3,false,
16210,南砺市,富山県,ナントシ,,unknown,,,,,3,false,
16211,射水市,富山県,イミズシ,,unknown,,,,,3,false,
16321,舟橋村,富山県,フナハシムラ,,unknown,,,,,3,false,
16322,上市町,富山県,カミイチマチ,,unknown,,,,,3,false,
16323,立山町,富山県,タテヤママチ,,unknown,,,,,3,false,
16342,入善町,富山県,ニュウゼンマチ,,unknown,,,,,3,false,
16343,朝日町,富山県,アサヒマチ,,unknown,,,,,3,false,
17000,石川県,石川県,イシカワケン,,unknown,,,,,3,false,prefecture_aggregate
17201,金沢市,石川県,カナザワシ,,unknown,,,,,3,false,
17202,七尾市,石川県,ナナオシ,,unknown,,,,,3,false,
17203,小松市,石川県,コマツシ,,unknown,,,,,3,false,
17204,輪島市,石川県,ワジマシ,,unknown,,,,,3,false,
17205,珠洲市,石川県,スズシ,,unknown,,,,,3,false,
17206,加賀市,石川県,カガシ,,unknown,,,,,3,false,
17207,羽咋市,石川県,ハクイシ,,unknown,,,,,3,false,
17209,かほく市,石川県,カホクシ,,unknown,,,,,3,false,
17210,白山市,石川県,ハクサンシ,,unknown,,,,,3,false,
17211,能美市,石川県,ノミシ,,unknown,,,,,3,false,
17212,野々市市,石川県,ノノイチシ,,unknown,,,,,3,false,
17324,川北町,石川県,カワキタマチ,,unknown,,,,,3,false,
17361,津幡町,石川県,ツバタマチ,,unknown,,,,,3,false,
17365,内灘町,石川県,ウチナダマチ,,unknown,,,,,3,false,
17384,志賀町,石川県,シカマチ,,unknown,,,,,3,false,
17386,宝達志水町,石川県,ホウダツシミズチョウ,,unknown,,,,,3,false,
17407,中能登町,石川県,ナカノトマチ,,unknown,,,,,3,false,
17461,穴水町,石川県,アナミズマチ,,unknown,,,,,3,false,
17463,能登町,石川県,ノトチョウ,,unknown,,,,,3,false,
18000,福井県,福井県,フクイケン,,unknown,,,,,3,false,prefecture_aggregate
18201,福井市,福井県,フクイシ,,unknown,,,,,3,false,
18202,敦賀市,福井県,ツルガシ,,unknown,,,,,3,false,
18204,小浜市,福井県,オバマシ,,unknown,,,,,3,false,
18205,大野市,福井県,オオノシ,,unknown,,,,,3,false,
18206,勝山市,福井県,カツヤマシ,,unknown,,,,,3,false,
18207,鯖江市,福井県,サバエシ,,unknown,,,,,3,false,
18208,あわら市,福井県,アワラシ,,unknown,,,,,3,false,
18209,越前市,福井県,エチゼンシ,,unknown,,,,,3,false,
18210,坂井市,福井県,サカイシ,,unknown,,,,,3,false,
18322,永平寺町,福井県,エイヘイジチョウ,,unknown,,,,,3,false,
18382,池田町,福井県,イケダチョウ,,unknown,,,,,3,false,
18404,南越前町,福井県,ミナミエチゼンチョウ,,unknown,,,,,3,false,
18423,越前町,福井県,エチゼンチョウ,,unknown,,,,,3,false,
18442,美浜町,福井県,ミハマチョウ,,unknown,,,,,3,false,
18481,高浜町,福井県,タカハマチョウ,,unknown,,,,,3,false,
18483,おおい町,福井県,オオイチョウ,,unknown,,,,,3,false,
18501,若狭町,福井県,ワカサチョウ,,unknown,,,,,3,false,
19000,山梨県,山梨県,ヤマナシケン,,unknown,,,,,3,false,prefecture_aggregate
19201,甲府市,山梨県,コウフシ,,unknown,,,,,3,false,
19202,富士吉田市,山梨県,フジヨシダシ,,unknown,,,,,3,false,
19204,都留市,山梨県,ツルシ,,unknown,,,,,3,false,
19205,山梨市,山梨県,ヤマナシシ,,unknown,,,,,3,false,
19206,大月市,山梨県,オオツキシ,,unknown,,,,,3,false,
19207,韮崎市,山梨県,ニラサキシ,,unknown,,,,,3,false,
19208,南アルプス市,山梨県,ミナミアルプスシ,,unknown,,,,,3,false,
19209,北杜市,山梨県,ホクトシ,,unknown,,,,,3,false,
19210,甲斐市,山梨県,カイシ,,unknown,,,,,3,false,
19211,笛吹市,山梨県,フエフキシ,,unknown,,,,,3,false,
19212,上野原市,山梨県,ウエノハラシ,,unknown,,,,,3,false,
19213,甲州市,山梨県,コウシュウシ,,unknown,,,,,3,false,
19214,中央市,山梨県,チュウオウシ,,unknown,,,,,3,false,
19346,市川三郷町,山梨県,イチカワミサトチョウ,,unknown,,,,,3,false,
19364,早川町,山梨県,ハヤカワチョウ,,unknown,,,,,3,false,
19365,身延町,山梨県,ミノブチョウ,,unknown,,,,,3,false,
19366,南部町,山梨県,ナンブチョウ,,unknown,,,,,3,false,
19368,富士川町,山梨県,フジカワチョウ,,unknown,,,,,3,false,
19384,昭和町,山梨県,ショウワチョウ,,unknown,,,,,3,false,
19422,道志村,山梨県,ドウシムラ,,unknown,,,,,3,false,
19423,西桂町,山梨県,ニシカツラチョウ,,unknown,,,,,3,false,
19424,忍野村,山梨県,オシノムラ,,unknown,,,,,3,false,
19425,山中湖村,山梨県,ヤマナカコムラ,,unknown,,,,,3,false,
19429,鳴沢村,山梨県,ナルサワムラ,,unknown,,,,,3,false,
19430,富士河口湖町,山梨県,フジカワグチコマチ,,unknown,,,,,3,false,
19442,小菅村,山梨県,コスゲムラ,,unknown,,,,,3,false,
19443,丹波山村,山梨県,タバヤマムラ,,unknown,,,,,3,false,
20000,長野県,長野県,ナガノケン,,unknown,,,,,3,false,prefecture_aggregate
20201,長野市,長野県,ナガノシ,,unknown,,,,,3,false,
20202,松本市,長野県,マツモトシ,,unknown,,,,,3,false,
20203,上田市,長野県,ウエダシ,,unknown,,,,,3,false,
20204,岡谷市,長野県,オカヤシ,,unknown,,,,,3,false,
20205,飯田市,長野県,イイダシ,,unknown,,,,,3,false,
20206,諏訪市,長野県,スワシ,,unknown,,,,,3,false,
20207,須坂市,長野県,スザカシ,,unknown,,,,,3,false,
20208,小諸市,長野県,コモロシ,,unknown,,,,,3,false,
20209,伊那市,長野県,イナシ,,unknown,,,,,3,false,
20210,駒ヶ根市,長野県,コマガネシ,,unknown,,,,,3,false,
20211,中野市,長野県,ナカノシ,,unknown,,,,,3,false,
20212,大町市,長野県,オオマチシ,,unknown,,,,,3,false,
20213,飯山市,長野県,イイヤマシ,,unknown,,,,,3,false,
20214,茅野市,長野県,チノシ,,unknown,,,,,3,false,
20215,塩尻市,長野県,シオジリシ,,unknown,,,,,3,false,
20217,佐久市,長野県,サクシ,,unknown,,,,,3,false,
20218,千曲市,長野県,チクマシ,,unknown,,,,,3,false,
20219,東御市,長野県,トウミシ,,unknown,,,,,3,false,
20220,安曇野市,長野県,アヅミノシ,,unknown,,,,,3,false,
20303,小海町,長野県,コウミマチ,,unknown,,,,,3,false,
20304,川上村,長野県,カワカミムラ,,unknown,,,,,3,false,
20305,南牧村,長野県,ミナミマキムラ,,unknown,,,,,3,false,
20306,南相木村,長野県,ミナミアイキムラ,,unknown,,,,,3,false,
20307,北相木村,長野県,キタアイキムラ,,unknown,,,,,3,false,
20309,佐久穂町,長野県,サクホマチ,,unknown,,,,,3,false,
20321,軽井沢町,長野県,カルイザワマチ,,unknown,,,,,3,false,
20323,御代田町,長野県,ミヨタマチ,,unknown,,,,,3,false,
20324,立科町,長野県,タテシナマチ,,unknown,,,,,3,false,
20349,青木村,長野県,アオキムラ,,unknown,,,,,3,false,
20350,長和町,長野県,ナガワマチ,,unknown,,,,,3,false,
20361,下諏訪町,長野県,シモスワマチ,,unknown,,,,,3,false,
20362,富士見町,長野県,フジミマチ,,unknown,,,,,3,false,
20363,原村,長野県,ハラムラ,,unknown,,,,,3,false,
20382,辰野町,長野県,タツノマチ,,unknown,,,,,3,false,
20383,箕輪町,長野県,ミノワマチ,,unknown,,,,,3,false,
20384,飯島町,長野県,イイジママチ,,unknown,,,,,3,false,
20385,南箕輪村,長野県,ミナミミノワムラ,,unknown,,,,,3,false,
20386,中川村,長野県,ナカガワムラ,,unknown,,,,,3,false,
20388,宮田村,長野県,ミヤダムラ,,unknown,,,,,3,false,
20402,松川町,長野県,マツカワマチ,,unknown,,,,,3,false,
20403,高森町,長野県,タカモリマチ,,unknown,,,,,3,false,
20404,阿南町,長野県,アナンチョウ,,unknown,,,,,3,false,
20407,阿智村,長野県,アチムラ,,unknown,,,,,3,false,
20409,平谷村,長野県,ヒラヤムラ,,unknown,,,,,3,false,
20410,根羽村,長野県,ネバムラ,,unknown,,,,,3,false,
20411,下條村,長野県,シモジョウムラ,,unknown,,,,,3,false,
20412,売木村,長野県,ウルギムラ,,unknown,,,,,3,false,
20413,天龍村,長野県,テンリュウムラ,,unknown,,,,,3,false,
20414,泰阜村,長野県,ヤスオカムラ,,unknown,,,,,3,false,
20415,喬木村,長野県,タカギムラ,,unknown,,,,,3,false,
20416,豊丘村,長野県,トヨオカムラ,,unknown,,,,,3,false,
20417,大鹿村,長野県,オオシカムラ,,unknown,,,,,3,false,
20422,上松町,長野県,アゲマツマチ,,unknown,,,,,3,false,
20423,南木曽町,長野県,ナギソマチ,,unknown,,,,,3,false,
20425,木祖村,長野県,キソムラ,,unknown,,,,,3,false,
20429,王滝村,長野県,オウタキムラ,,unknown,,,,,3,false,
20430,大桑村,長野県,オオクワムラ,,unknown,,,,,3,false,
20432,木曽町,長野県,キソマチ,,unknown,,,,,3,false,
20446,麻績村,長野県,オミムラ,,unknown,,,,,3,false,
20448,生坂村,長野県,イクサカムラ,,unknown,,,,,3,false,
20450,山形村,長野県,ヤマガタムラ,,unknown,,,,,3,false,
20451,朝日村,長野県,アサヒムラ,,unknown,,,,,3,false,
20452,筑北村,長野県,チクホクムラ,,unknown,,,,,3,false,
20481,池田町,長野県,イケダマチ,,unknown,,,,,3,false,
20482,松川村,長野県,マツカワムラ,,unknown,,,,,3,false,
20485,白馬村,長野県,ハクバムラ,,unknown,,,,,3,false,
20486,小谷村,長野県,オタリムラ,,unknown,,,,,3,false,
20521,坂城町,長野県,サカキマチ,,unknown,,,,,3,false,
20541,小布施町,長野県,オブセマチ,,unknown,,,,,3,false,
20543,高山村,長野県,タカヤマムラ,,unknown,,,,,3,false,
20561,山ノ内町,長野県,ヤマノウチマチ,,unknown,,,,,3,false,
20562,木島平村,長野県,キジマダイラムラ,,unknown,,,,,3,false,
20563,野沢温泉村,長野県,ノザワオンセンムラ,,unknown,,,,,3,false,
20583,信濃町,長野県,シナノマチ,,unknown,,,,,3,false,
20588,小川村,長野県,オガワムラ,,unknown,,,,,3,false,
20590,飯綱町,長野県,イイヅナマチ,,unknown,,,,,3,false,
20602,栄村,長野県,サカエムラ,,unknown,,,,,3,false,
21000,岐阜県,岐阜県,ギフケン,,unknown,,,,,3,false,prefecture_aggregate
21201,岐阜市,岐阜県,ギフシ,,unknown,,,,,3,false,
21202,大垣市,岐阜県,オオガキシ,,unknown,,,,,3,false,
21203,高山市,岐阜県,タカヤマシ,,unknown,,,,,3,false,
21204,多治見市,岐阜県,タジミシ,,unknown,,,,,3,false,
21205,関市,岐阜県,セキシ,,unknown,,,,,3,false,
21206,中津川市,岐阜県,ナカツガワシ,,unknown,,,,,3,false,
21207,美濃市,岐阜県,ミノシ,,unknown,,,,,3,false,
21208,瑞浪市,岐阜県,ミズナミシ,,unknown,,,,,3,false,
21209,羽島市,岐阜県,ハシマシ,,unknown,,,,,3,false,
21210,恵那市,岐阜県,エナシ,,unknown,,,,,3,false,
21211,美濃加茂市,岐阜県,ミノカモシ,,unknown,,,,,3,false,
21212,土岐市,岐阜県,トキシ,,unknown,,,,,3,false,
21213,各務原市,岐阜県,カカミガハラシ,,unknown,,,,,3,false,
21214,可児市,岐阜県,カニシ,,unknown,,,,,3,false,
21215,山県市,岐阜県,ヤマガタシ,,unknown,,,,,3,false,
21216,瑞穂市,岐阜県,ミズホシ,,unknown,,,,,3,false,
21217,飛騨市,岐阜県,ヒダシ,,unknown,,,,,3,false,
21218,本巣市,岐阜県,モトスシ,,unknown,,,,,3,false,
21219,郡上市,岐阜県,グジョウシ,,unknown,,,,,3,false,
21220,下呂市,岐阜県,ゲロシ,,unknown,,,,,3,false,
21221,海津市,岐阜県,カイヅシ,,unknown,,,,,3,false,
21302,岐南町,岐阜県,ギナンチョウ,,unknown,,,,,3,false,
21303,笠松町,岐阜県,カサマツチョウ,,unknown,,,,,3,false,
21341,養老町,岐阜県,ヨウロウチョウ,,unknown,,,,,3,false,
21361,垂井町,岐阜県,タルイチョウ,,unknown,,,,,3,false,
21362,関ケ原町,岐阜県,セキガハラチョウ,,unknown,,,,,3,false,
21381,神戸町,岐阜県,ゴウドチョウ,,unknown,,,,,3,false,
21382,輪之内町,岐阜県,ワノウチチョウ,,unknown,,,,,3,false,
21383,安八町,岐阜県,アンパチチョウ,,unknown,,,,,3,false,
21401,揖斐川町,岐阜県,イビガワチョウ,,unknown,,,,,3,false,
21403,大野町,岐阜県,オオノチョウ,,unknown,,,,,3,false,
21404,池田町,岐阜県,イケダチョウ,,unknown,,,,,3,false,
21421,北方町,岐阜県,キタガタチョウ,,unknown,,,,,3,false,
21501,坂祝町,岐阜県,サカホギチョウ,,unknown,,,,,3,false,
21502,富加町,岐阜県,トミカチョウ,,unknown,,,,,3,false,
21503,川辺町,岐阜県,カワベチョウ,,unknown,,,,,3,false,
21504,七宗町,岐阜県,ヒチソウチョウ,,unknown,,,,,3,false,
21505,八百津町,岐阜県,ヤオツチョウ,,unknown,,,,,3,false,
21506,白川町,岐阜県,シラカワチョウ,,unknown,,,,,3,false,
21507,東白川村,岐阜県,ヒガシシラカワムラ,,unknown,,,,,3,false,
21521,御嵩町,岐阜県,ミタケチョウ,,unknown,,,,,3,false,
21604,白川村,岐阜県,シラカワムラ,,unknown,,,,,3,false,
22000,静岡県,静岡県,シズオカケン,,unknown,,,,,3,false,prefecture_aggregate
22100,静岡市,静岡県,シズオカシ,,unknown,,,,,3,false,
22130,浜松市,静岡県,ハママツシ,,unknown,,,,,3,false,
22203,沼津市,静岡県,ヌマヅシ,,unknown,,,,,3,false,
22205,熱海市,静岡県,アタミシ,,unknown,,,,,3,false,
22206,三島市,静岡県,ミシマシ,,unknown,,,,,3,false,
22207,富士宮市,静岡県,フジノミヤシ,,unknown,,,,,3,false,
22208,伊東市,静岡県,イトウシ,,unknown,,,,,3,false,
22209,島田市,静岡県,シマダシ,,unknown,,,,,3,false,
22210,富士市,静岡県,フジシ,,unknown,,,,,3,false,
22211,磐田市,静岡県,イワタシ,,unknown,,,,,3,false,
22212,焼津市,静岡県,ヤイヅシ,,unknown,,,,,3,false,
22213,掛川市,静岡県,カケガワシ,,unknown,,,,,3,false,
22214,藤枝市,静岡県,フジエダシ,,unknown,,,,,3,false,
22215,御殿場市,静岡県,ゴテンバシ,,unknown,,,,,3,false,
22216,袋井市,静岡県,フクロイシ,,unknown,,,,,3,false,
22219,下田市,静岡県,シモダシ,,unknown,,,,,3,false,
22220,裾野市,静岡県,スソノシ,,unknown,,,,,3,false,
22221,湖西市,静岡県,コサイシ,,unknown,,,,,3,false,
22222,伊豆市,静岡県,イズシ,,unknown,,,,,3,false,
22223,御前崎市,静岡県,オマエザキシ,,unknown,,,,,3,false,
22224,菊川市,静岡県,キクガワシ,,unknown,,,,,3,false,
22225,伊豆の国市,静岡県,イズノクニシ,,unknown,,,,,3,false,
22226,牧之原市,静岡県,マキノハラシ,,unknown,,,,,3,false,
22301,東伊豆町,静岡県,ヒガシイズチョウ,,unknown,,,,,3,false,
22302,河津町,静岡県,カワヅチョウ,,unknown,,,,,3,false,
22304,南伊豆町,静岡県,ミナミイズチョウ,,unknown,,,,,3,false,
22305,松崎町,静岡県,マツザキチョウ,,unknown,,,,,3,false,
22306,西伊豆町,静岡県,ニシイズチョウ,,unknown,,,,,3,false,
22325,函南町,静岡県,カンナミチョウ,,unknown,,,,,3,false,
22341,清水町,静岡県,シミズチョウ,,unknown,,,,,3,false,
22342,長泉町,静岡県,ナガイズミチョウ,,unknown,,,,,3,false,
22344,小山町,静岡県,オヤマチョウ,,unknown,,,,,3,false,
22424,吉田町,静岡県,ヨシダチョウ,,unknown,,,,,3,false,
22429,川根本町,静岡県,カワネホンチョウ,,unknown,,,,,3,false,
22461,森町,静岡県,モリマチ,,unknown,,,,,3,false,
23000,愛知県,愛知県,アイチケン,,unknown,,,,,3,false,prefecture_aggregate
23100,名古屋市,愛知県,ナゴヤシ,,unknown,,,,,3,false,
23201,豊橋市,愛知県,トヨハシシ,,unknown,,,,,3,false,
23202,岡崎市,愛知県,オカザキシ,,unknown,,,,,3,false,
23203,一宮市,愛知県,イチノミヤシ,,unknown,,,,,3,false,
23204,瀬戸市,愛知県,セトシ,,unknown,,,,,3,false,
23205,半田市,愛知県,ハンダシ,,unknown,,,,,3,false,
23206,春日井市,愛知県,カスガイシ,,unknown,,,,,3,false,
23207,豊川市,愛知県,トヨカワシ,,unknown,,,,,3,false,
23208,津島市,愛知県,ツシマシ,,unknown,,,,,3,false,
23209,碧南市,愛知県,ヘキナンシ,,unknown,,,,,3,false,
23210,刈谷市,愛知県,カリヤシ,,unknown,,,,,3,false,
23211,豊田市,愛知県,トヨタシ,,unknown,,,,,3,false,
23212,安城市,愛知県,アンジョウシ,,unknown,,,,,3,false,
23213,西尾市,愛知県,ニシオシ,,unknown,,,,,3,false,
23214,蒲郡市,愛知県,ガマゴオリシ,,unknown,,,,,3,false,
23215,犬山市,愛知県,イヌヤマシ,,unknown,,,,,3,false,
23216,常滑市,愛知県,トコナメシ,,unknown,,,,,3,false,
23217,江南市,愛知県,コウナンシ,,unknown,,,,,3,false,
23219,小牧市,愛知県,コマキシ,,unknown,,,,,3,false,
23220,稲沢市,愛知県,イナザワシ,,unknown,,,,,3,false,
23221,新城市,愛知県,シンシロシ,,unknown,,,,,3,false,
23222,東海市,愛知県,トウカイシ,,unknown,,,,,3,false,
23223,大府市,愛知県,オオブシ,,unknown,,,,,3,false,
23224,知多市,愛知県,チタシ,,unknown,,,,,3,false,
23225,知立市,愛知県,チリュウシ,,unknown,,,,,3,false,
23226,尾張旭市,愛知県,オワリアサヒシ,,unknown,,,,,3,false,
23227,高浜市,愛知県,タカハマシ,,unknown,,,,,3,false,
23228,岩倉市,愛知県,イワクラシ,,unknown,,,,,3,false,
23229,豊明市,愛知県,トヨアケシ,,unknown,,,,,3,false,
23230,日進市,愛知県,ニッシンシ,,unknown,,,,,3,false,
23231,田原市,愛知県,タハラシ,,unknown,,,,,3,false,
23232,愛西市,愛知県,アイサイシ,,unknown,,,,,3,false,
23233,清須市,愛知県,キヨスシ,,unknown,,,,,3,false,
23234,北名古屋市,愛知県,キタナゴヤシ,,unknown,,,,,3,false,
23235,弥富市,愛知県,ヤトミシ,,unknown,,,,,3,false,
23236,みよし市,愛知県,ミヨシシ,,unknown,,,,,3,false,
23237,あま市,愛知県,アマシ,,unknown,,,,,3,false,
23238,長久手市,愛知県,ナガクテシ,,unknown,,,,,3,false,
23302,東郷町,愛知県,トウゴウチョウ,,unknown,,,,,3,false,
23342,豊山町,愛知県,トヨヤマチョウ,,unknown,,,,,3,false,
23361,大口町,愛知県,オオグチチョウ,,unknown,,,,,3,false,
23362,扶桑町,愛知県,フソウチョウ,,unknown,,,,,3,false,
23424,大治町,愛知県,オオハルチョウ,,unknown,,,,,3,false,
23425,蟹江町,愛知県,カニエチョウ,,unknown,,,,,3,false,
23427,飛島村,愛知県,トビシマムラ,,unknown,,,,,3,false,
23441,阿久比町,愛知県,アグイチョウ,,unknown,,,,,3,false,
23442,東浦町,愛知県,ヒガシウラチョウ,,unknown,,,,,3,false,
23445,南知多町,愛知県,ミナミチタチョウ,,unknown,,,,,3,false,
23446,美浜町,愛知県,ミハマチョウ,,unknown,,,,,3,false,
23447,武豊町,愛知県,タケトヨチョウ,,unknown,,,,,3,false,
23501,幸田町,愛知県,コウタチョウ,,unknown,,,,,3,false,
23561,設楽町,愛知県,シタラチョウ,,unknown,,,,,3,false,
23562,東栄町,愛知県,トウエイチョウ,,unknown,,,,,3,false,
23563,豊根村,愛知県,トヨネムラ,,unknown,,,,,3,false,
24000,三重県,三重県,ミエケン,,unknown,,,,,3,false,prefecture_aggregate
24201,津市,三重県,ツシ,,unknown,,,,,3,false,
24202,四日市市,三重県,ヨッカイチシ,,unknown,,,,,3,false,
24203,伊勢市,三重県,イセシ,,unknown,,,,,3,false,
24204,松阪市,三重県,マツサカシ,,unknown,,,,,3,false,
24205,桑名市,三重県,クワナシ,,unknown,,,,,3,false,
24207,鈴鹿市,三重県,スズカシ,,unknown,,,,,3,false,
24208,名張市,三重県,ナバリシ,,unknown,,,,,3,false,
24209,尾鷲市,三重県,オワセシ,,unknown,,,,,3,false,
24210,亀山市,三重県,カメヤマシ,,unknown,,,,,3,false,
24211,鳥羽市,三重県,トバシ,,unknown,,,,,3,false,
24212,熊野市,三重県,クマノシ,,unknown,,,,,3,false,
24214,いなべ市,三重県,イナベシ,,unknown,,,,,3,false,
24215,志摩市,三重県,シマシ,,unknown,,,,,3,false,
24216,伊賀市,三重県,イガシ,,unknown,,,,,3,false,
24303,木曽岬町,三重県,キソサキチョウ,,unknown,,,,,3,false,
24324,東員町,三重県,トウインチョウ,,unknown,,,,,3,false,
24341,菰野町,三重県,コモノチョウ,,unknown,,,,,3,false,
24343,朝日町,三重県,アサヒチョウ,,unknown,,,,,3,false,
24344,川越町,三重県,カワゴエチョウ,,unknown,,,,,3,false,
24441,多気町,三重県,タキチョウ,,unknown,,,,,3,false,
24442,明和町,三重県,メイワチョウ,,unknown,,,,,3,false,
24443,大台町,三重県,オオダイチョウ,,unknown,,,,,3,false,
24461,玉城町,三重県,タマキチョウ,,unknown,,,,,3,false,
24470,度会町,三重県,ワタライチョウ,,unknown,,,,,3,false,
24471,大紀町,三重県,タイキチョウ,,unknown,,,,,3,false,
24472,南伊勢町,三重県,ミナミイセチョウ,,unknown,,,,,3,false,
24543,紀北町,三重県,キホクチョウ,,unknown,,,,,3,false,
24561,御浜町,三重県,ミハマチョウ,,unknown,,,,,3,false,
24562,紀宝町,三重県,キホウチョウ,,unknown,,,,,3,false,
25000,滋賀県,滋賀県,シガケン,,unknown,,,,,3,false,prefecture_aggregate
25201,大津市,滋賀県,オオツシ,,unknown,,,,,3,false,
25202,彦根市,滋賀県,ヒコネシ,,unknown,,,,,3,false,
25203,長浜市,滋賀県,ナガハマシ,,unknown,,,,,3,false,
25204,近江八幡市,滋賀県,オウミハチマンシ,,unknown,,,,,3,false,
25206,草津市,滋賀県,クサツシ,,unknown,,,,,3,false,
25207,守山市,滋賀県,モリヤマシ,,unknown,,,,,3,false,
25208,栗東市,滋賀県,リットウシ,,unknown,,,,,3,false,
25209,甲賀市,滋賀県,コウカシ,,unknown,,,,,3,false,
25210,野洲市,滋賀県,ヤスシ,,unknown,,,,,3,false,
25211,湖南市,滋賀県,コナンシ,,unknown,,,,,3,false,
25212,高島市,滋賀県,タカシマシ,,unknown,,,,,3,false,
25213,東近江市,滋賀県,ヒガシオウミシ,,unknown,,,,,3,false,
25214,米原市,滋賀県,マイバラシ,,unknown,,,,,3,false,
25383,日野町,滋賀県,ヒノチョウ,,unknown,,,,,3,false,
25384,竜王町,滋賀県,リユウオウチョウ,,unknown,,,,,3,false,
25425,愛荘町,滋賀県,アイショウチョウ,,unknown,,,,,3,false,
25441,豊郷町,滋賀県,トヨサトチョウ,,unknown,,,,,3,false,
25442,甲良町,滋賀県,コウラチョウ,,unknown,,,,,3,false,
25443,多賀町,滋賀県,タガチョウ,,unknown,,,,,3,false,
26000,京都府,京都府,キョウトフ,,unknown,,,,,3,false,prefecture_aggregate
26100,京都市,京都府,キョウトシ,,unknown,,,,,3,false,
26201,福知山市,京都府,フクチヤマシ,,unknown,,,,,3,false,
26202,舞鶴市,京都府,マイヅルシ,,unknown,,,,,3,false,
26203,綾部市,京都府,アヤベシ,,unknown,,,,,3,false,
26204,宇治市,京都府,ウジシ,,unknown,,,,,3,false,
26205,宮津市,京都府,ミヤヅシ,,unknown,,,,,3,false,
26206,亀岡市,京都府,カメオカシ,,unknown,,,,,3,false,
26207,城陽市,京都府,ジョウヨウシ,,unknown,,,,,3,false,
26208,向日市,京都府,ムコウシ,,unknown,,,,,3,false,
26209,長岡京市,京都府,ナガオカキョウシ,,unknown,,,,,3,false,
26210,八幡市,京都府,ヤワタシ,,unknown,,,,,3,false,
26211,京田辺市,京都府,キョウタナベシ,,unknown,,,,,3,false,
26212,京丹後市,京都府,キョウタンゴシ,,unknown,,,,,3,false,
26213,南丹市,京都府,ナンタンシ,,unknown,,,,,3,false,
26214,木津川市,京都府,キヅガワシ,,unknown,,,,,3,false,
26303,大山崎町,京都府,オオヤマザキチョウ,,unknown,,,,,3,false,
26322,久御山町,京都府,クミヤマチョウ,,unknown,,,,,3,false,
26343,井手町,京都府,イデチョウ,,unknown,,,,,3,false,
26344,宇治田原町,京都府,ウジタワラチョウ,,unknown,,,,,3,false,
26364,笠置町,京都府,カサギチョウ,,unknown,,,,,3,false,
26365,和束町,京都府,ワヅカチョウ,,unknown,,,,,3,false,
26366,精華町,京都府,セイカチョウ,,unknown,,,,,3,false,
26367,南山城村,京都府,ミナミヤマシロムラ,,unknown,,,,,3,false,
26407,京丹波町,京都府,キョウタンバチョウ,,unknown,,,,,3,false,
26463,伊根町,京都府,イネチョウ,,unknown,,,,,3,false,
26465,与謝野町,京都府,ヨサノチョウ,,unknown,,,,,3,false,
27000,大阪府,大阪府,オオサカフ,,kaigiroku,https://ssp.kaigiroku.net/tenant/prefosaka,prefosaka,,,1,false,prefecture_aggregate; prefosaka (DiscussNet central)
27100,大阪市,大阪府,オオサカシ,,kaigiroku,https://ssp.kaigiroku.net/tenant/cityosaka,cityosaka,,,1,false,cityosaka (DiscussNet central; SpTop redirect)
27140,堺市,大阪府,サカイシ,,unknown,,,,,3,false,
27202,岸和田市,大阪府,キシワダシ,,unknown,,,,,3,false,
27203,豊中市,大阪府,トヨナカシ,,unknown,,,,,3,false,
27204,池田市,大阪府,イケダシ,,unknown,,,,,3,false,
27205,吹田市,大阪府,スイタシ,,unknown,,,,,3,false,
27206,泉大津市,大阪府,イズミオオツシ,,unknown,,,,,3,false,
27207,高槻市,大阪府,タカツキシ,,unknown,,,,,3,false,
27208,貝塚市,大阪府,カイヅカシ,,unknown,,,,,3,false,
27209,守口市,大阪府,モリグチシ,,unknown,,,,,3,false,
27210,枚方市,大阪府,ヒラカタシ,,unknown,,,,,3,false,
27211,茨木市,大阪府,イバラキシ,,unknown,,,,,3,false,
27212,八尾市,大阪府,ヤオシ,,unknown,,,,,3,false,
27213,泉佐野市,大阪府,イズミサノシ,,unknown,,,,,3,false,
27214,富田林市,大阪府,トンダバヤシシ,,unknown,,,,,3,false,
27215,寝屋川市,大阪府,ネヤガワシ,,unknown,,,,,3,false,
27216,河内長野市,大阪府,カワチナガノシ,,unknown,,,,,3,false,
27217,松原市,大阪府,マツバラシ,,unknown,,,,,3,false,
27218,大東市,大阪府,ダイトウシ,,unknown,,,,,3,false,
27219,和泉市,大阪府,イズミシ,,unknown,,,,,3,false,
27220,箕面市,大阪府,ミノオシ,,unknown,,,,,3,false,
27221,柏原市,大阪府,カシワラシ,,unknown,,,,,3,false,
27222,羽曳野市,大阪府,ハビキノシ,,unknown,,,,,3,false,
27223,門真市,大阪府,カドマシ,,unknown,,,,,3,false,
27224,摂津市,大阪府,セッツシ,,unknown,,,,,3,false,
27225,高石市,大阪府,タカイシシ,,unknown,,,,,3,false,
27226,藤井寺市,大阪府,フジイデラシ,,unknown,,,,,3,false,
27227,東大阪市,大阪府,ヒガシオオサカシ,,unknown,,,,,3,false,
27228,泉南市,大阪府,センナンシ,,unknown,,,,,3,false,
27229,四條畷市,大阪府,シジヨウナワテシ,,unknown,,,,,3,false,
27230,交野市,大阪府,カタノシ,,unknown,,,,,3,false,
27231,大阪狭山市,大阪府,オオサカサヤマシ,,unknown,,,,,3,false,
27232,阪南市,大阪府,ハンナンシ,,unknown,,,,,3,false,
27301,島本町,大阪府,シマモトチョウ,,unknown,,,,,3,false,
27321,豊能町,大阪府,トヨノチョウ,,unknown,,,,,3,false,
27322,能勢町,大阪府,ノセチョウ,,unknown,,,,,3,false,
27341,忠岡町,大阪府,タダオカチョウ,,unknown,,,,,3,false,
27361,熊取町,大阪府,クマトリチョウ,,unknown,,,,,3,false,
27362,田尻町,大阪府,タジリチョウ,,unknown,,,,,3,false,
27366,岬町,大阪府,ミサキチョウ,,unknown,,,,,3,false,
27381,太子町,大阪府,タイシチョウ,,unknown,,,,,3,false,
27382,河南町,大阪府,カナンチョウ,,unknown,,,,,3,false,
27383,千早赤阪村,大阪府,チハヤアカサカムラ,,unknown,,,,,3,false,
28000,兵庫県,兵庫県,ヒョウゴケン,,unknown,,,,,3,false,prefecture_aggregate
28100,神戸市,兵庫県,コウベシ,,unknown,,,,,3,false,
28201,姫路市,兵庫県,ヒメジシ,,unknown,,,,,3,false,
28202,尼崎市,兵庫県,アマガサキシ,,unknown,,,,,3,false,
28203,明石市,兵庫県,アカシシ,,unknown,,,,,3,false,
28204,西宮市,兵庫県,ニシノミヤシ,,unknown,,,,,3,false,
28205,洲本市,兵庫県,スモトシ,,unknown,,,,,3,false,
28206,芦屋市,兵庫県,アシヤシ,,unknown,,,,,3,false,
28207,伊丹市,兵庫県,イタミシ,,unknown,,,,,3,false,
28208,相生市,兵庫県,アイオイシ,,unknown,,,,,3,false,
28209,豊岡市,兵庫県,トヨオカシ,,unknown,,,,,3,false,
28210,加古川市,兵庫県,カコガワシ,,unknown,,,,,3,false,
28212,赤穂市,兵庫県,アコウシ,,unknown,,,,,3,false,
28213,西脇市,兵庫県,ニシワキシ,,unknown,,,,,3,false,
28214,宝塚市,兵庫県,タカラヅカシ,,unknown,,,,,3,false,
28215,三木市,兵庫県,ミキシ,,unknown,,,,,3,false,
28216,高砂市,兵庫県,タカサゴシ,,unknown,,,,,3,false,
28217,川西市,兵庫県,カワニシシ,,unknown,,,,,3,false,
28218,小野市,兵庫県,オノシ,,unknown,,,,,3,false,
28219,三田市,兵庫県,サンダシ,,unknown,,,,,3,false,
28220,加西市,兵庫県,カサイシ,,unknown,,,,,3,false,
28221,丹波篠山市,兵庫県,タンバササヤマシ,,unknown,,,,,3,false,
28222,養父市,兵庫県,ヤブシ,,unknown,,,,,3,false,
28223,丹波市,兵庫県,タンバシ,,unknown,,,,,3,false,
28224,南あわじ市,兵庫県,ミナミアワジシ,,unknown,,,,,3,false,
28225,朝来市,兵庫県,アサゴシ,,unknown,,,,,3,false,
28226,淡路市,兵庫県,アワジシ,,unknown,,,,,3,false,
28227,宍粟市,兵庫県,シソウシ,,unknown,,,,,3,false,
28228,加東市,兵庫県,カトウシ,,unknown,,,,,3,false,
28229,たつの市,兵庫県,タツノシ,,unknown,,,,,3,false,
28301,猪名川町,兵庫県,イナガワチョウ,,unknown,,,,,3,false,
28365,多可町,兵庫県,タカチョウ,,unknown,,,,,3,false,
28381,稲美町,兵庫県,イナミチョウ,,unknown,,,,,3,false,
28382,播磨町,兵庫県,ハリマチョウ,,unknown,,,,,3,false,
28442,市川町,兵庫県,イチカワチョウ,,unknown,,,,,3,false,
28443,福崎町,兵庫県,フクサキチョウ,,unknown,,,,,3,false,
28446,神河町,兵庫県,カミカワチョウ,,unknown,,,,,3,false,
28464,太子町,兵庫県,タイシチョウ,,unknown,,,,,3,false,
28481,上郡町,兵庫県,カミゴオリチョウ,,unknown,,,,,3,false,
28501,佐用町,兵庫県,サヨウチョウ,,unknown,,,,,3,false,
28585,香美町,兵庫県,カミチョウ,,unknown,,,,,3,false,
28586,新温泉町,兵庫県,シンオンセンチョウ,,unknown,,,,,3,false,
29000,奈良県,奈良県,ナラケン,,unknown,,,,,3,false,prefecture_aggregate
29201,奈良市,奈良県,ナラシ,,unknown,,,,,3,false,
29202,大和高田市,奈良県,ヤマトタカダシ,,unknown,,,,,3,false,
29203,大和郡山市,奈良県,ヤマトコオリヤマシ,,unknown,,,,,3,false,
29204,天理市,奈良県,テンリシ,,unknown,,,,,3,false,
29205,橿原市,奈良県,カシハラシ,,unknown,,,,,3,false,
29206,桜井市,奈良県,サクライシ,,unknown,,,,,3,false,
29207,五條市,奈良県,ゴジョウシ,,unknown,,,,,3,false,
29208,御所市,奈良県,ゴセシ,,unknown,,,,,3,false,
29209,生駒市,奈良県,イコマシ,,unknown,,,,,3,false,
29210,香芝市,奈良県,カシバシ,,unknown,,,,,3,false,
29211,葛城市,奈良県,カツラギシ,,unknown,,,,,3,false,
29212,宇陀市,奈良県,ウダシ,,unknown,,,,,3,false,
29322,山添村,奈良県,ヤマゾエムラ,,unknown,,,,,3,false,
29342,平群町,奈良県,ヘグリチョウ,,unknown,,,,,3,false,
29343,三郷町,奈良県,サンゴウチョウ,,unknown,,,,,3,false,
29344,斑鳩町,奈良県,イカルガチョウ,,unknown,,,,,3,false,
29345,安堵町,奈良県,アンドチョウ,,unknown,,,,,3,false,
29361,川西町,奈良県,カワニシチョウ,,unknown,,,,,3,false,
29362,三宅町,奈良県,ミヤケチョウ,,unknown,,,,,3,false,
29363,田原本町,奈良県,タワラモトチョウ,,unknown,,,,,3,false,
29385,曽爾村,奈良県,ソニムラ,,unknown,,,,,3,false,
29386,御杖村,奈良県,ミツエムラ,,unknown,,,,,3,false,
29401,高取町,奈良県,タカトリチョウ,,unknown,,,,,3,false,
29402,明日香村,奈良県,アスカムラ,,unknown,,,,,3,false,
29424,上牧町,奈良県,カンマキチョウ,,unknown,,,,,3,false,
29425,王寺町,奈良県,オウジチョウ,,unknown,,,,,3,false,
29426,広陵町,奈良県,コウリヨウチョウ,,unknown,,,,,3,false,
29427,河合町,奈良県,カワイチョウ,,unknown,,,,,3,false,
29441,吉野町,奈良県,ヨシノチョウ,,unknown,,,,,3,false,
29442,大淀町,奈良県,オオヨドチョウ,,unknown,,,,,3,false,
29443,下市町,奈良県,シモイチチョウ,,unknown,,,,,3,false,
29444,黒滝村,奈良県,クロタキムラ,,unknown,,,,,3,false,
29446,天川村,奈良県,テンカワムラ,,unknown,,,,,3,false,
29447,野迫川村,奈良県,ノセガワムラ,,unknown,,,,,3,false,
29449,十津川村,奈良県,トツカワムラ,,unknown,,,,,3,false,
29450,下北山村,奈良県,シモキタヤマムラ,,unknown,,,,,3,false,
29451,上北山村,奈良県,カミキタヤマムラ,,unknown,,,,,3,false,
29452,川上村,奈良県,カワカミムラ,,unknown,,,,,3,false,
29453,東吉野村,奈良県,ヒガシヨシノムラ,,unknown,,,,,3,false,
30000,和歌山県,和歌山県,ワカヤマケン,,unknown,,,,,3,false,prefecture_aggregate
30201,和歌山市,和歌山県,ワカヤマシ,,unknown,,,,,3,false,
30202,海南市,和歌山県,カイナンシ,,unknown,,,,,3,false,
30203,橋本市,和歌山県,ハシモトシ,,unknown,,,,,3,false,
30204,有田市,和歌山県,アリダシ,,unknown,,,,,3,false,
30205,御坊市,和歌山県,ゴボウシ,,unknown,,,,,3,false,
30206,田辺市,和歌山県,タナベシ,,unknown,,,,,3,false,
30207,新宮市,和歌山県,シングウシ,,unknown,,,,,3,false,
30208,紀の川市,和歌山県,キノカワシ,,unknown,,,,,3,false,
30209,岩出市,和歌山県,イワデシ,,unknown,,,,,3,false,
30304,紀美野町,和歌山県,キミノチョウ,,unknown,,,,,3,false,
30341,かつらぎ町,和歌山県,カツラギチョウ,,unknown,,,,,3,false,
30343,九度山町,和歌山県,クドヤマチョウ,,unknown,,,,,3,false,
30344,高野町,和歌山県,コウヤチョウ,,unknown,,,,,3,false,
30361,湯浅町,和歌山県,ユアサチョウ,,unknown,,,,,3,false,
30362,広川町,和歌山県,ヒロガワチョウ,,unknown,,,,,3,false,
30366,有田川町,和歌山県,アリダガワチョウ,,unknown,,,,,3,false,
30381,美浜町,和歌山県,ミハマチョウ,,unknown,,,,,3,false,
30382,日高町,和歌山県,ヒダカチョウ,,unknown,,,,,3,false,
30383,由良町,和歌山県,ユラチョウ,,unknown,,,,,3,false,
30390,印南町,和歌山県,イナミチョウ,,unknown,,,,,3,false,
30391,みなべ町,和歌山県,ミナベチョウ,,unknown,,,,,3,false,
30392,日高川町,和歌山県,ヒダカガワチョウ,,unknown,,,,,3,false,
30401,白浜町,和歌山県,シラハマチョウ,,unknown,,,,,3,false,
30404,上富田町,和歌山県,カミトンダチョウ,,unknown,,,,,3,false,
30406,すさみ町,和歌山県,スサミチョウ,,unknown,,,,,3,false,
30421,那智勝浦町,和歌山県,ナチカツウラチョウ,,unknown,,,,,3,false,
30422,太地町,和歌山県,タイジチョウ,,unknown,,,,,3,false,
30424,古座川町,和歌山県,コザガワチョウ,,unknown,,,,,3,false,
30427,北山村,和歌山県,キタヤマムラ,,unknown,,,,,3,false,
30428,串本町,和歌山県,クシモトチョウ,,unknown,,,,,3,false,
31000,鳥取県,鳥取県,トットリケン,,unknown,,,,,3,false,prefecture_aggregate
31201,鳥取市,鳥取県,トットリシ,,unknown,,,,,3,false,
31202,米子市,鳥取県,ヨナゴシ,,unknown,,,,,3,false,
31203,倉吉市,鳥取県,クラヨシシ,,unknown,,,,,3,false,
31204,境港市,鳥取県,サカイミナトシ,,unknown,,,,,3,false,
31302,岩美町,鳥取県,イワミチョウ,,unknown,,,,,3,false,
31325,若桜町,鳥取県,ワカサチョウ,,unknown,,,,,3,false,
31328,智頭町,鳥取県,チヅチョウ,,unknown,,,,,3,false,
31329,八頭町,鳥取県,ヤズチョウ,,unknown,,,,,3,false,
31364,三朝町,鳥取県,ミササチョウ,,unknown,,,,,3,false,
31370,湯梨浜町,鳥取県,ユリハマチョウ,,unknown,,,,,3,false,
31371,琴浦町,鳥取県,コトウラチョウ,,unknown,,,,,3,false,
31372,北栄町,鳥取県,ホクエイチョウ,,unknown,,,,,3,false,
31384,日吉津村,鳥取県,ヒエヅソン,,unknown,,,,,3,false,
31386,大山町,鳥取県,ダイセンチョウ,,unknown,,,,,3,false,
31389,南部町,鳥取県,ナンブチョウ,,unknown,,,,,3,false,
31390,伯耆町,鳥取県,ホウキチョウ,,unknown,,,,,3,false,
31401,日南町,鳥取県,ニチナンチョウ,,unknown,,,,,3,false,
31402,日野町,鳥取県,ヒノチョウ,,unknown,,,,,3,false,
31403,江府町,鳥取県,コウフチョウ,,unknown,,,,,3,false,
32000,島根県,島根県,シマネケン,,unknown,,,,,3,false,prefecture_aggregate
32201,松江市,島根県,マツエシ,,unknown,,,,,3,false,
32202,浜田市,島根県,ハマダシ,,unknown,,,,,3,false,
32203,出雲市,島根県,イズモシ,,unknown,,,,,3,false,
32204,益田市,島根県,マスダシ,,unknown,,,,,3,false,
32205,大田市,島根県,オオダシ,,unknown,,,,,3,false,
32206,安来市,島根県,ヤスギシ,,unknown,,,,,3,false,
32207,江津市,島根県,ゴウツシ,,unknown,,,,,3,false,
32209,雲南市,島根県,ウンナンシ,,unknown,,,,,3,false,
32343,奥出雲町,島根県,オクイズモチョウ,,unknown,,,,,3,false,
32386,飯南町,島根県,イイナンチョウ,,unknown,,,,,3,false,
32441,川本町,島根県,カワモトマチ,,unknown,,,,,3,false,
32448,美郷町,島根県,ミサトチョウ,,unknown,,,,,3,false,
32449,邑南町,島根県,オオナンチョウ,,unknown,,,,,3,false,
32501,津和野町,島根県,ツワノチョウ,,unknown,,,,,3,false,
32505,吉賀町,島根県,ヨシカチョウ,,unknown,,,,,3,false,
32525,海士町,島根県,アマチョウ,,unknown,,,,,3,false,
32526,西ノ島町,島根県,ニシノシマチョウ,,unknown,,,,,3,false,
32527,知夫村,島根県,チブムラ,,unknown,,,,,3,false,
32528,隠岐の島町,島根県,オキノシマチョウ,,unknown,,,,,3,false,
33000,岡山県,岡山県,オカヤマケン,,kaigiroku,https://ssp.kaigiroku.net/tenant/prefokayama,prefokayama,,,1,false,prefecture_aggregate; prefokayama (DiscussNet central; modern template; recon main)
33100,岡山市,岡山県,オカヤマシ,,unknown,,,,,3,false,
33202,倉敷市,岡山県,クラシキシ,,unknown,,,,,3,false,
33203,津山市,岡山県,ツヤマシ,,unknown,,,,,3,false,
33204,玉野市,岡山県,タマノシ,,unknown,,,,,3,false,
33205,笠岡市,岡山県,カサオカシ,,unknown,,,,,3,false,
33207,井原市,岡山県,イバラシ,,unknown,,,,,3,false,
33208,総社市,岡山県,ソウジヤシ,,unknown,,,,,3,false,
33209,高梁市,岡山県,タカハシシ,,unknown,,,,,3,false,
33210,新見市,岡山県,ニイミシ,,unknown,,,,,3,false,
33211,備前市,岡山県,ビゼンシ,,unknown,,,,,3,false,
33212,瀬戸内市,岡山県,セトウチシ,,unknown,,,,,3,false,
33213,赤磐市,岡山県,アカイワシ,,unknown,,,,,3,false,
33214,真庭市,岡山県,マニワシ,,unknown,,,,,3,false,
33215,美作市,岡山県,ミマサカシ,,unknown,,,,,3,false,
33216,浅口市,岡山県,アサクチシ,,unknown,,,,,3,false,
33346,和気町,岡山県,ワケチョウ,,unknown,,,,,3,false,
33423,早島町,岡山県,ハヤシマチョウ,,unknown,,,,,3,false,
33445,里庄町,岡山県,サトショウチョウ,,unknown,,,,,3,false,
33461,矢掛町,岡山県,ヤカゲチョウ,,unknown,,,,,3,false,
33586,新庄村,岡山県,シンジヨウソン,,unknown,,,,,3,false,
33606,鏡野町,岡山県,カガミノチョウ,,unknown,,,,,3,false,
33622,勝央町,岡山県,ショウオウチョウ,,unknown,,,,,3,false,
33623,奈義町,岡山県,ナギチョウ,,unknown,,,,,3,false,
33643,西粟倉村,岡山県,ニシアワクラソン,,unknown,,,,,3,false,
33663,久米南町,岡山県,クメナンチョウ,,unknown,,,,,3,false,
33666,美咲町,岡山県,ミサキチョウ,,unknown,,,,,3,false,
33681,吉備中央町,岡山県,キビチュウオウチョウ,,unknown,,,,,3,false,
34000,広島県,広島県,ヒロシマケン,,unknown,,,,,3,false,prefecture_aggregate
34100,広島市,広島県,ヒロシマシ,,unknown,,,,,3,false,
34202,呉市,広島県,クレシ,,unknown,,,,,3,false,
34203,竹原市,広島県,タケハラシ,,unknown,,,,,3,false,
34204,三原市,広島県,ミハラシ,,unknown,,,,,3,false,
34205,尾道市,広島県,オノミチシ,,unknown,,,,,3,false,
34207,福山市,広島県,フクヤマシ,,unknown,,,,,3,false,
34208,府中市,広島県,フチュウシ,,unknown,,,,,3,false,
34209,三次市,広島県,ミヨシシ,,unknown,,,,,3,false,
34210,庄原市,広島県,ショウバラシ,,unknown,,,,,3,false,
34211,大竹市,広島県,オオタケシ,,unknown,,,,,3,false,
34212,東広島市,広島県,ヒガシヒロシマシ,,unknown,,,,,3,false,
34213,廿日市市,広島県,ハツカイチシ,,unknown,,,,,3,false,
34214,安芸高田市,広島県,アキタカタシ,,unknown,,,,,3,false,
34215,江田島市,広島県,エタジマシ,,unknown,,,,,3,false,
34302,府中町,広島県,フチュウチョウ,,unknown,,,,,3,false,
34304,海田町,広島県,カイタチョウ,,unknown,,,,,3,false,
34307,熊野町,広島県,クマノチョウ,,unknown,,,,,3,false,
34309,坂町,広島県,サカチョウ,,unknown,,,,,3,false,
34368,安芸太田町,広島県,アキオオタチョウ,,unknown,,,,,3,false,
34369,北広島町,広島県,キタヒロシマチョウ,,unknown,,,,,3,false,
34431,大崎上島町,広島県,オオサキカミジマチョウ,,unknown,,,,,3,false,
34462,世羅町,広島県,セラチョウ,,unknown,,,,,3,false,
34545,神石高原町,広島県,ジンセキコウゲンチョウ,,unknown,,,,,3,false,
35000,山口県,山口県,ヤマグチケン,,unknown,,,,,3,false,prefecture_aggregate
35201,下関市,山口県,シモノセキシ,,unknown,,,,,3,false,
35202,宇部市,山口県,ウベシ,,unknown,,,,,3,false,
35203,山口市,山口県,ヤマグチシ,,unknown,,,,,3,false,
35204,萩市,山口県,ハギシ,,unknown,,,,,3,false,
35206,防府市,山口県,ホウフシ,,unknown,,,,,3,false,
35207,下松市,山口県,クダマツシ,,unknown,,,,,3,false,
35208,岩国市,山口県,イワクニシ,,unknown,,,,,3,false,
35210,光市,山口県,ヒカリシ,,unknown,,,,,3,false,
35211,長門市,山口県,ナガトシ,,unknown,,,,,3,false,
35212,柳井市,山口県,ヤナイシ,,unknown,,,,,3,false,
35213,美祢市,山口県,ミネシ,,unknown,,,,,3,false,
35215,周南市,山口県,シュウナンシ,,unknown,,,,,3,false,
35216,山陽小野田市,山口県,サンヨウオノダシ,,unknown,,,,,3,false,
35305,周防大島町,山口県,スオウオオシマチョウ,,unknown,,,,,3,false,
35321,和木町,山口県,ワキチョウ,,unknown,,,,,3,false,
35341,上関町,山口県,カミノセキチョウ,,unknown,,,,,3,false,
35343,田布施町,山口県,タブセチョウ,,unknown,,,,,3,false,
35344,平生町,山口県,ヒラオチョウ,,unknown,,,,,3,false,
35502,阿武町,山口県,アブチョウ,,unknown,,,,,3,false,
36000,徳島県,徳島県,トクシマケン,,unknown,,,,,3,false,prefecture_aggregate
36201,徳島市,徳島県,トクシマシ,,unknown,,,,,3,false,
36202,鳴門市,徳島県,ナルトシ,,unknown,,,,,3,false,
36203,小松島市,徳島県,コマツシマシ,,unknown,,,,,3,false,
36204,阿南市,徳島県,アナンシ,,unknown,,,,,3,false,
36205,吉野川市,徳島県,ヨシノガワシ,,unknown,,,,,3,false,
36206,阿波市,徳島県,アワシ,,unknown,,,,,3,false,
36207,美馬市,徳島県,ミマシ,,unknown,,,,,3,false,
36208,三好市,徳島県,ミヨシシ,,unknown,,,,,3,false,
36301,勝浦町,徳島県,カツウラチョウ,,unknown,,,,,3,false,
36302,上勝町,徳島県,カミカツチョウ,,unknown,,,,,3,false,
36321,佐那河内村,徳島県,サナゴウチソン,,unknown,,,,,3,false,
36341,石井町,徳島県,イシイチョウ,,unknown,,,,,3,false,
36342,神山町,徳島県,カミヤマチョウ,,unknown,,,,,3,false,
36368,那賀町,徳島県,ナカチョウ,,unknown,,,,,3,false,
36383,牟岐町,徳島県,ムギチョウ,,unknown,,,,,3,false,
36387,美波町,徳島県,ミナミチョウ,,unknown,,,,,3,false,
36388,海陽町,徳島県,カイヨウチョウ,,unknown,,,,,3,false,
36401,松茂町,徳島県,マツシゲチョウ,,unknown,,,,,3,false,
36402,北島町,徳島県,キタジマチョウ,,unknown,,,,,3,false,
36403,藍住町,徳島県,アイズミチョウ,,unknown,,,,,3,false,
36404,板野町,徳島県,イタノチョウ,,unknown,,,,,3,false,
36405,上板町,徳島県,カミイタチョウ,,unknown,,,,,3,false,
36468,つるぎ町,徳島県,ツルギチョウ,,unknown,,,,,3,false,
36489,東みよし町,徳島県,ヒガシミヨシチョウ,,unknown,,,,,3,false,
37000,香川県,香川県,カガワケン,,unknown,,,,,3,false,prefecture_aggregate
37201,高松市,香川県,タカマツシ,,unknown,,,,,3,false,
37202,丸亀市,香川県,マルガメシ,,unknown,,,,,3,false,
37203,坂出市,香川県,サカイデシ,,unknown,,,,,3,false,
37204,善通寺市,香川県,ゼンツウジシ,,unknown,,,,,3,false,
37205,観音寺市,香川県,カンオンジシ,,unknown,,,,,3,false,
37206,さぬき市,香川県,サヌキシ,,unknown,,,,,3,false,
37207,東かがわ市,香川県,ヒガシカガワシ,,unknown,,,,,3,false,
37208,三豊市,香川県,ミトヨシ,,unknown,,,,,3,false,
37322,土庄町,香川県,トノショウチョウ,,unknown,,,,,3,false,
37324,小豆島町,香川県,ショウドシマチョウ,,unknown,,,,,3,false,
37341,三木町,香川県,ミキチョウ,,unknown,,,,,3,false,
37364,直島町,香川県,ナオシマチョウ,,unknown,,,,,3,false,
37386,宇多津町,香川県,ウタヅチョウ,,unknown,,,,,3,false,
37387,綾川町,香川県,アヤガワチョウ,,unknown,,,,,3,false,
37403,琴平町,香川県,コトヒラチョウ,,unknown,,,,,3,false,
37404,多度津町,香川県,タドツチョウ,,unknown,,,,,3,false,
37406,まんのう町,香川県,マンノウチョウ,,unknown,,,,,3,false,
38000,愛媛県,愛媛県,エヒメケン,,unknown,,,,,3,false,prefecture_aggregate
38201,松山市,愛媛県,マツヤマシ,,unknown,,,,,3,false,
38202,今治市,愛媛県,イマバリシ,,unknown,,,,,3,false,
38203,宇和島市,愛媛県,ウワジマシ,,unknown,,,,,3,false,
38204,八幡浜市,愛媛県,ヤワタハマシ,,unknown,,,,,3,false,
38205,新居浜市,愛媛県,ニイハマシ,,unknown,,,,,3,false,
38206,西条市,愛媛県,サイジョウシ,,unknown,,,,,3,false,
38207,大洲市,愛媛県,オオズシ,,unknown,,,,,3,false,
38210,伊予市,愛媛県,イヨシ,,unknown,,,,,3,false,
38213,四国中央市,愛媛県,シコクチュウオウシ,,unknown,,,,,3,false,
38214,西予市,愛媛県,セイヨシ,,unknown,,,,,3,false,
38215,東温市,愛媛県,トウオンシ,,unknown,,,,,3,false,
38356,上島町,愛媛県,カミジマチョウ,,unknown,,,,,3,false,
38386,久万高原町,愛媛県,クマコウゲンチョウ,,unknown,,,,,3,false,
38401,松前町,愛媛県,マサキチョウ,,unknown,,,,,3,false,
38402,砥部町,愛媛県,トベチョウ,,unknown,,,,,3,false,
38422,内子町,愛媛県,ウチコチョウ,,unknown,,,,,3,false,
38442,伊方町,愛媛県,イカタチョウ,,unknown,,,,,3,false,
38484,松野町,愛媛県,マツノチョウ,,unknown,,,,,3,false,
38488,鬼北町,愛媛県,キホクチョウ,,unknown,,,,,3,false,
38506,愛南町,愛媛県,アイナンチョウ,,unknown,,,,,3,false,
39000,高知県,高知県,コウチケン,,kaigiroku,https://ssp.kaigiroku.net/tenant/tosa,tosa,,,1,false,prefecture_aggregate; tosa (DiscussNet central; legacy template)
39201,高知市,高知県,コウチシ,,unknown,,,,,3,false,
39202,室戸市,高知県,ムロトシ,,unknown,,,,,3,false,
39203,安芸市,高知県,アキシ,,unknown,,,,,3,false,
39204,南国市,高知県,ナンコクシ,,unknown,,,,,3,false,
39205,土佐市,高知県,トサシ,,unknown,,,,,3,false,
39206,須崎市,高知県,スサキシ,,unknown,,,,,3,false,
39208,宿毛市,高知県,スクモシ,,unknown,,,,,3,false,
39209,土佐清水市,高知県,トサシミズシ,,unknown,,,,,3,false,
39210,四万十市,高知県,シマントシ,,unknown,,,,,3,false,
39211,香南市,高知県,コウナンシ,,unknown,,,,,3,false,
39212,香美市,高知県,カミシ,,unknown,,,,,3,false,
39301,東洋町,高知県,トウヨウチョウ,,unknown,,,,,3,false,
39302,奈半利町,高知県,ナハリチョウ,,unknown,,,,,3,false,
39303,田野町,高知県,タノチョウ,,unknown,,,,,3,false,
39304,安田町,高知県,ヤスダチョウ,,unknown,,,,,3,false,
39305,北川村,高知県,キタガワムラ,,unknown,,,,,3,false,
39306,馬路村,高知県,ウマジムラ,,unknown,,,,,3,false,
39307,芸西村,高知県,ゲイセイムラ,,unknown,,,,,3,false,
39341,本山町,高知県,モトヤマチョウ,,unknown,,,,,3,false,
39344,大豊町,高知県,オオトヨチョウ,,unknown,,,,,3,false,
39363,土佐町,高知県,トサチョウ,,unknown,,,,,3,false,
39364,大川村,高知県,オオカワムラ,,unknown,,,,,3,false,
39386,いの町,高知県,イノチョウ,,unknown,,,,,3,false,
39387,仁淀川町,高知県,ニヨドガワチョウ,,unknown,,,,,3,false,
39401,中土佐町,高知県,ナカトサチョウ,,unknown,,,,,3,false,
39402,佐川町,高知県,サカワチョウ,,unknown,,,,,3,false,
39403,越知町,高知県,オチチョウ,,unknown,,,,,3,false,
39405,梼原町,高知県,ユスハラチョウ,,unknown,,,,,3,false,
39410,日高村,高知県,ヒダカムラ,,unknown,,,,,3,false,
39411,津野町,高知県,ツノチョウ,,unknown,,,,,3,false,
39412,四万十町,高知県,シマントチョウ,,unknown,,,,,3,false,
39424,大月町,高知県,オオツキチョウ,,unknown,,,,,3,false,
39427,三原村,高知県,ミハラムラ,,unknown,,,,,3,false,
39428,黒潮町,高知県,クロシオチョウ,,unknown,,,,,3,false,
40000,福岡県,福岡県,フクオカケン,,unknown,,,,,3,false,prefecture_aggregate
40100,北九州市,福岡県,キタキュウシュウシ,,unknown,,,,,3,false,
40130,福岡市,福岡県,フクオカシ,,unknown,,,,,3,false,
40202,大牟田市,福岡県,オオムタシ,,unknown,,,,,3,false,
40203,久留米市,福岡県,クルメシ,,unknown,,,,,3,false,
40204,直方市,福岡県,ノオガタシ,,unknown,,,,,3,false,
40205,飯塚市,福岡県,イイヅカシ,,unknown,,,,,3,false,
40206,田川市,福岡県,タガワシ,,unknown,,,,,3,false,
40207,柳川市,福岡県,ヤナガワシ,,unknown,,,,,3,false,
40210,八女市,福岡県,ヤメシ,,unknown,,,,,3,false,
40211,筑後市,福岡県,チクゴシ,,unknown,,,,,3,false,
40212,大川市,福岡県,オオカワシ,,unknown,,,,,3,false,
40213,行橋市,福岡県,ユクハシシ,,unknown,,,,,3,false,
40214,豊前市,福岡県,ブゼンシ,,unknown,,,,,3,false,
40215,中間市,福岡県,ナカマシ,,unknown,,,,,3,false,
40216,小郡市,福岡県,オゴオリシ,,unknown,,,,,3,false,
40217,筑紫野市,福岡県,チクシノシ,,unknown,,,,,3,false,
40218,春日市,福岡県,カスガシ,,unknown,,,,,3,false,
40219,大野城市,福岡県,オオノジョウシ,,unknown,,,,,3,false,
40220,宗像市,福岡県,ムナカタシ,,unknown,,,,,3,false,
40221,太宰府市,福岡県,ダザイフシ,,unknown,,,,,3,false,
40223,古賀市,福岡県,コガシ,,unknown,,,,,3,false,
40224,福津市,福岡県,フクツシ,,unknown,,,,,3,false,
40225,うきは市,福岡県,ウキハシ,,unknown,,,,,3,false,
40226,宮若市,福岡県,ミヤワカシ,,unknown,,,,,3,false,
40227,嘉麻市,福岡県,カマシ,,unknown,,,,,3,false,
40228,朝倉市,福岡県,アサクラシ,,unknown,,,,,3,false,
40229,みやま市,福岡県,ミヤマシ,,unknown,,,,,3,false,
40230,糸島市,福岡県,イトシマシ,,unknown,,,,,3,false,
40231,那珂川市,福岡県,ナカガワシ,,unknown,,,,,3,false,
40341,宇美町,福岡県,ウミマチ,,unknown,,,,,3,false,
40342,篠栗町,福岡県,ササグリマチ,,unknown,,,,,3,false,
40343,志免町,福岡県,シメマチ,,unknown,,,,,3,false,
40344,須恵町,福岡県,スエマチ,,unknown,,,,,3,false,
40345,新宮町,福岡県,シングウマチ,,unknown,,,,,3,false,
40348,久山町,福岡県,ヒサヤママチ,,unknown,,,,,3,false,
40349,粕屋町,福岡県,カスヤマチ,,unknown,,,,,3,false,
40381,芦屋町,福岡県,アシヤマチ,,unknown,,,,,3,false,
40382,水巻町,福岡県,ミズマキマチ,,unknown,,,,,3,false,
40383,岡垣町,福岡県,オカガキマチ,,unknown,,,,,3,false,
40384,遠賀町,福岡県,オンガチョウ,,unknown,,,,,3,false,
40401,小竹町,福岡県,コタケマチ,,unknown,,,,,3,false,
40402,鞍手町,福岡県,クラテマチ,,unknown,,,,,3,false,
40421,桂川町,福岡県,ケイセンマチ,,unknown,,,,,3,false,
40447,筑前町,福岡県,チクゼンマチ,,unknown,,,,,3,false,
40448,東峰村,福岡県,トウホウムラ,,unknown,,,,,3,false,
40503,大刀洗町,福岡県,タチアライマチ,,unknown,,,,,3,false,
40522,大木町,福岡県,オオキマチ,,unknown,,,,,3,false,
40544,広川町,福岡県,ヒロカワマチ,,unknown,,,,,3,false,
40601,香春町,福岡県,カワラマチ,,unknown,,,,,3,false,
40602,添田町,福岡県,ソエダマチ,,unknown,,,,,3,false,
40604,糸田町,福岡県,イトダマチ,,unknown,,,,,3,false,
40605,川崎町,福岡県,カワサキマチ,,unknown,,,,,3,false,
40608,大任町,福岡県,オオトウマチ,,unknown,,,,,3,false,
40609,赤村,福岡県,アカムラ,,unknown,,,,,3,false,
40610,福智町,福岡県,フクチマチ,,unknown,,,,,3,false,
40621,苅田町,福岡県,カンダマチ,,unknown,,,,,3,false,
40625,みやこ町,福岡県,ミヤコマチ,,unknown,,,,,3,false,
40642,吉富町,福岡県,ヨシトミマチ,,unknown,,,,,3,false,
40646,上毛町,福岡県,コウゲマチ,,unknown,,,,,3,false,
40647,築上町,福岡県,チクジョウマチ,,unknown,,,,,3,false,
41000,佐賀県,佐賀県,サガケン,,unknown,,,,,3,false,prefecture_aggregate
41201,佐賀市,佐賀県,サガシ,,unknown,,,,,3,false,
41202,唐津市,佐賀県,カラツシ,,unknown,,,,,3,false,
41203,鳥栖市,佐賀県,トスシ,,unknown,,,,,3,false,
41204,多久市,佐賀県,タクシ,,unknown,,,,,3,false,
41205,伊万里市,佐賀県,イマリシ,,unknown,,,,,3,false,
41206,武雄市,佐賀県,タケオシ,,unknown,,,,,3,false,
41207,鹿島市,佐賀県,カシマシ,,unknown,,,,,3,false,
41208,小城市,佐賀県,オギシ,,unknown,,,,,3,false,
41209,嬉野市,佐賀県,ウレシノシ,,unknown,,,,,3,false,
41210,神埼市,佐賀県,カンザキシ,,unknown,,,,,3,false,
41327,吉野ヶ里町,佐賀県,ヨシノガリチョウ,,unknown,,,,,3,false,
41341,基山町,佐賀県,キヤマチョウ,,unknown,,,,,3,false,
41345,上峰町,佐賀県,カミミネチョウ,,unknown,,,,,3,false,
41346,みやき町,佐賀県,ミヤキチョウ,,unknown,,,,,3,false,
41387,玄海町,佐賀県,ゲンカイチョウ,,unknown,,,,,3,false,
41401,有田町,佐賀県,アリタチョウ,,unknown,,,,,3,false,
41423,大町町,佐賀県,オオマチチョウ,,unknown,,,,,3,false,
41424,江北町,佐賀県,コウホクマチ,,unknown,,,,,3,false,
41425,白石町,佐賀県,シロイシチョウ,,unknown,,,,,3,false,
41441,太良町,佐賀県,タラチョウ,,unknown,,,,,3,false,
42000,長崎県,長崎県,ナガサキケン,,unknown,,,,,3,false,prefecture_aggregate
42201,長崎市,長崎県,ナガサキシ,,unknown,,,,,3,false,
42202,佐世保市,長崎県,サセボシ,,unknown,,,,,3,false,
42203,島原市,長崎県,シマバラシ,,unknown,,,,,3,false,
42204,諫早市,長崎県,イサハヤシ,,unknown,,,,,3,false,
42205,大村市,長崎県,オオムラシ,,unknown,,,,,3,false,
42207,平戸市,長崎県,ヒラドシ,,unknown,,,,,3,false,
42208,松浦市,長崎県,マツウラシ,,unknown,,,,,3,false,
42209,対馬市,長崎県,ツシマシ,,unknown,,,,,3,false,
42210,壱岐市,長崎県,イキシ,,unknown,,,,,3,false,
42211,五島市,長崎県,ゴトウシ,,unknown,,,,,3,false,
42212,西海市,長崎県,サイカイシ,,unknown,,,,,3,false,
42213,雲仙市,長崎県,ウンゼンシ,,unknown,,,,,3,false,
42214,南島原市,長崎県,ミナミシマバラシ,,unknown,,,,,3,false,
42307,長与町,長崎県,ナガヨチョウ,,unknown,,,,,3,false,
42308,時津町,長崎県,トギツチョウ,,unknown,,,,,3,false,
42321,東彼杵町,長崎県,ヒガシソノギチョウ,,unknown,,,,,3,false,
42322,川棚町,長崎県,カワタナチョウ,,unknown,,,,,3,false,
42323,波佐見町,長崎県,ハサミチョウ,,unknown,,,,,3,false,
42383,小値賀町,長崎県,オヂカチョウ,,unknown,,,,,3,false,
42391,佐々町,長崎県,サザチョウ,,unknown,,,,,3,false,
42411,新上五島町,長崎県,シンカミゴトウチョウ,,unknown,,,,,3,false,
43000,熊本県,熊本県,クマモトケン,,unknown,,,,,3,false,prefecture_aggregate
43100,熊本市,熊本県,クマモトシ,,unknown,,,,,3,false,
43202,八代市,熊本県,ヤツシロシ,,unknown,,,,,3,false,
43203,人吉市,熊本県,ヒトヨシシ,,unknown,,,,,3,false,
43204,荒尾市,熊本県,アラオシ,,unknown,,,,,3,false,
43205,水俣市,熊本県,ミナマタシ,,unknown,,,,,3,false,
43206,玉名市,熊本県,タマナシ,,unknown,,,,,3,false,
43208,山鹿市,熊本県,ヤマガシ,,unknown,,,,,3,false,
43210,菊池市,熊本県,キクチシ,,unknown,,,,,3,false,
43211,宇土市,熊本県,ウトシ,,unknown,,,,,3,false,
43212,上天草市,熊本県,カミアマクサシ,,unknown,,,,,3,false,
43213,宇城市,熊本県,ウキシ,,unknown,,,,,3,false,
43214,阿蘇市,熊本県,アソシ,,unknown,,,,,3,false,
43215,天草市,熊本県,アマクサシ,,unknown,,,,,3,false,
43216,合志市,熊本県,コウシシ,,unknown,,,,,3,false,
43348,美里町,熊本県,ミサトマチ,,unknown,,,,,3,false,
43364,玉東町,熊本県,ギョクトウマチ,,unknown,,,,,3,false,
43367,南関町,熊本県,ナンカンマチ,,unknown,,,,,3,false,
43368,長洲町,熊本県,ナガスマチ,,unknown,,,,,3,false,
43369,和水町,熊本県,ナゴミマチ,,unknown,,,,,3,false,
43403,大津町,熊本県,オオヅマチ,,unknown,,,,,3,false,
43404,菊陽町,熊本県,キクヨウマチ,,unknown,,,,,3,false,
43423,南小国町,熊本県,ミナミオグニマチ,,unknown,,,,,3,false,
43424,小国町,熊本県,オグニマチ,,unknown,,,,,3,false,
43425,産山村,熊本県,ウブヤマムラ,,unknown,,,,,3,false,
43428,高森町,熊本県,タカモリマチ,,unknown,,,,,3,false,
43432,西原村,熊本県,ニシハラムラ,,unknown,,,,,3,false,
43433,南阿蘇村,熊本県,ミナミアソムラ,,unknown,,,,,3,false,
43441,御船町,熊本県,ミフネマチ,,unknown,,,,,3,false,
43442,嘉島町,熊本県,カシママチ,,unknown,,,,,3,false,
43443,益城町,熊本県,マシキマチ,,unknown,,,,,3,false,
43444,甲佐町,熊本県,コウサマチ,,unknown,,,,,3,false,
43447,山都町,熊本県,ヤマトチョウ,,unknown,,,,,3,false,
43468,氷川町,熊本県,ヒカワチョウ,,unknown,,,,,3,false,
43482,芦北町,熊本県,アシキタマチ,,unknown,,,,,3,false,
43484,津奈木町,熊本県,ツナギマチ,,unknown,,,,,3,false,
43501,錦町,熊本県,ニシキマチ,,unknown,,,,,3,false,
43505,多良木町,熊本県,タラギマチ,,unknown,,,,,3,false,
43506,湯前町,熊本県,ユノマエマチ,,unknown,,,,,3,false,
43507,水上村,熊本県,ミズカミムラ,,unknown,,,,,3,false,
43510,相良村,熊本県,サガラムラ,,unknown,,,,,3,false,
43511,五木村,熊本県,イツキムラ,,unknown,,,,,3,false,
43512,山江村,熊本県,ヤマエムラ,,unknown,,,,,3,false,
43513,球磨村,熊本県,クマムラ,,unknown,,,,,3,false,
43514,あさぎり町,熊本県,アサギリチョウ,,unknown,,,,,3,false,
43531,苓北町,熊本県,レイホクマチ,,unknown,,,,,3,false,
44000,大分県,大分県,オオイタケン,,kaigiroku,https://ssp.kaigiroku.net/tenant/prefoita,prefoita,,,1,false,prefecture_aggregate; prefoita (DiscussNet central)
44201,大分市,大分県,オオイタシ,,unknown,,,,,3,false,
44202,別府市,大分県,ベップシ,,unknown,,,,,3,false,
44203,中津市,大分県,ナカツシ,,unknown,,,,,3,false,
44204,日田市,大分県,ヒタシ,,unknown,,,,,3,false,
44205,佐伯市,大分県,サイキシ,,unknown,,,,,3,false,
44206,臼杵市,大分県,ウスキシ,,unknown,,,,,3,false,
44207,津久見市,大分県,ツクミシ,,unknown,,,,,3,false,
44208,竹田市,大分県,タケタシ,,unknown,,,,,3,false,
44209,豊後高田市,大分県,ブンゴタカダシ,,unknown,,,,,3,false,
44210,杵築市,大分県,キツキシ,,unknown,,,,,3,false,
44211,宇佐市,大分県,ウサシ,,unknown,,,,,3,false,
44212,豊後大野市,大分県,ブンゴオオノシ,,unknown,,,,,3,false,
44213,由布市,大分県,ユフシ,,unknown,,,,,3,false,
44214,国東市,大分県,クニサキシ,,unknown,,,,,3,false,
44322,姫島村,大分県,ヒメシマムラ,,unknown,,,,,3,false,
44341,日出町,大分県,ヒジマチ,,unknown,,,,,3,false,
44461,九重町,大分県,ココノエマチ,,unknown,,,,,3,false,
44462,玖珠町,大分県,クスマチ,,unknown,,,,,3,false,
45000,宮崎県,宮崎県,ミヤザキケン,,unknown,,,,,3,false,prefecture_aggregate
45201,宮崎市,宮崎県,ミヤザキシ,,unknown,,,,,3,false,
45202,都城市,宮崎県,ミヤコノジョウシ,,unknown,,,,,3,false,
45203,延岡市,宮崎県,ノベオカシ,,unknown,,,,,3,false,
45204,日南市,宮崎県,ニチナンシ,,unknown,,,,,3,false,
45205,小林市,宮崎県,コバヤシシ,,unknown,,,,,3,false,
45206,日向市,宮崎県,ヒュウガシ,,unknown,,,,,3,false,
45207,串間市,宮崎県,クシマシ,,unknown,,,,,3,false,
45208,西都市,宮崎県,サイトシ,,unknown,,,,,3,false,
45209,えびの市,宮崎県,エビノシ,,unknown,,,,,3,false,
45341,三股町,宮崎県,ミマタチョウ,,unknown,,,,,3,false,
45361,高原町,宮崎県,タカハルチョウ,,unknown,,,,,3,false,
45382,国富町,宮崎県,クニトミチョウ,,unknown,,,,,3,false,
45383,綾町,宮崎県,アヤチョウ,,unknown,,,,,3,false,
45401,高鍋町,宮崎県,タカナベチョウ,,unknown,,,,,3,false,
45402,新富町,宮崎県,シントミチョウ,,unknown,,,,,3,false,
45403,西米良村,宮崎県,ニシメラソン,,unknown,,,,,3,false,
45404,木城町,宮崎県,キジョウチョウ,,unknown,,,,,3,false,
45405,川南町,宮崎県,カワミナミチョウ,,unknown,,,,,3,false,
45406,都農町,宮崎県,ツノチョウ,,unknown,,,,,3,false,
45421,門川町,宮崎県,カドガワチョウ,,unknown,,,,,3,false,
45429,諸塚村,宮崎県,モロツカソン,,unknown,,,,,3,false,
45430,椎葉村,宮崎県,シイバソン,,unknown,,,,,3,false,
45431,美郷町,宮崎県,ミサトチョウ,,unknown,,,,,3,false,
45441,高千穂町,宮崎県,タカチホチョウ,,unknown,,,,,3,false,
45442,日之影町,宮崎県,ヒノカゲチョウ,,unknown,,,,,3,false,
45443,五ヶ瀬町,宮崎県,ゴカセチョウ,,unknown,,,,,3,false,
46000,鹿児島県,鹿児島県,カゴシマケン,,unknown,,,,,3,false,prefecture_aggregate
46201,鹿児島市,鹿児島県,カゴシマシ,,unknown,,,,,3,false,
46203,鹿屋市,鹿児島県,カノヤシ,,unknown,,,,,3,false,
46204,枕崎市,鹿児島県,マクラザキシ,,unknown,,,,,3,false,
46206,阿久根市,鹿児島県,アクネシ,,unknown,,,,,3,false,
46208,出水市,鹿児島県,イズミシ,,unknown,,,,,3,false,
46210,指宿市,鹿児島県,イブスキシ,,unknown,,,,,3,false,
46213,西之表市,鹿児島県,ニシノオモテシ,,unknown,,,,,3,false,
46214,垂水市,鹿児島県,タルミズシ,,unknown,,,,,3,false,
46215,薩摩川内市,鹿児島県,サツマセンダイシ,,unknown,,,,,3,false,
46216,日置市,鹿児島県,ヒオキシ,,unknown,,,,,3,false,
46217,曽於市,鹿児島県,ソオシ,,unknown,,,,,3,false,
46218,霧島市,鹿児島県,キリシマシ,,unknown,,,,,3,false,
46219,いちき串木野市,鹿児島県,イチキクシキノシ,,unknown,,,,,3,false,
46220,南さつま市,鹿児島県,ミナミサツマシ,,unknown,,,,,3,false,
46221,志布志市,鹿児島県,シブシシ,,unknown,,,,,3,false,
46222,奄美市,鹿児島県,アマミシ,,unknown,,,,,3,false,
46223,南九州市,鹿児島県,ミナミキュウシュウシ,,unknown,,,,,3,false,
46224,伊佐市,鹿児島県,イサシ,,unknown,,,,,3,false,
46225,姶良市,鹿児島県,アイラシ,,unknown,,,,,3,false,
46303,三島村,鹿児島県,ミシマムラ,,unknown,,,,,3,false,
46304,十島村,鹿児島県,トシマムラ,,unknown,,,,,3,false,
46392,さつま町,鹿児島県,サツマチョウ,,unknown,,,,,3,false,
46404,長島町,鹿児島県,ナガシマチョウ,,unknown,,,,,3,false,
46452,湧水町,鹿児島県,ユウスイチョウ,,unknown,,,,,3,false,
46468,大崎町,鹿児島県,オオサキチョウ,,unknown,,,,,3,false,
46482,東串良町,鹿児島県,ヒガシクシラチョウ,,unknown,,,,,3,false,
46490,錦江町,鹿児島県,キンコウチョウ,,unknown,,,,,3,false,
46491,南大隅町,鹿児島県,ミナミオオスミチョウ,,unknown,,,,,3,false,
46492,肝付町,鹿児島県,キモツキチョウ,,unknown,,,,,3,false,
46501,中種子町,鹿児島県,ナカタネチョウ,,unknown,,,,,3,false,
46502,南種子町,鹿児島県,ミナミタネチョウ,,unknown,,,,,3,false,
46505,屋久島町,鹿児島県,ヤクシマチョウ,,unknown,,,,,3,false,
46523,大和村,鹿児島県,ヤマトソン,,unknown,,,,,3,false,
46524,宇検村,鹿児島県,ウケンソン,,unknown,,,,,3,false,
46525,瀬戸内町,鹿児島県,セトウチチョウ,,unknown,,,,,3,false,
46527,龍郷町,鹿児島県,タツゴウチョウ,,unknown,,,,,3,false,
46529,喜界町,鹿児島県,キカイチョウ,,unknown,,,,,3,false,
46530,徳之島町,鹿児島県,トクノシマチョウ,,unknown,,,,,3,false,
46531,天城町,鹿児島県,アマギチョウ,,unknown,,,,,3,false,
46532,伊仙町,鹿児島県,イセンチョウ,,unknown,,,,,3,false,
46533,和泊町,鹿児島県,ワドマリチョウ,,unknown,,,,,3,false,
46534,知名町,鹿児島県,チナチョウ,,unknown,,,,,3,false,
46535,与論町,鹿児島県,ヨロンチョウ,,unknown,,,,,3,false,
47000,沖縄県,沖縄県,オキナワケン,,unknown,,,,,3,false,prefecture_aggregate
47201,那覇市,沖縄県,ナハシ,,unknown,,,,,3,false,
47205,宜野湾市,沖縄県,ギノワンシ,,unknown,,,,,3,false,
47207,石垣市,沖縄県,イシガキシ,,unknown,,,,,3,false,
47208,浦添市,沖縄県,ウラソエシ,,unknown,,,,,3,false,
47209,名護市,沖縄県,ナゴシ,,unknown,,,,,3,false,
47210,糸満市,沖縄県,イトマンシ,,unknown,,,,,3,false,
47211,沖縄市,沖縄県,オキナワシ,,unknown,,,,,3,false,
47212,豊見城市,沖縄県,トミグスクシ,,unknown,,,,,3,false,
47213,うるま市,沖縄県,ウルマシ,,unknown,,,,,3,false,
47214,宮古島市,沖縄県,ミヤコジマシ,,unknown,,,,,3,false,
47215,南城市,沖縄県,ナンジョウシ,,unknown,,,,,3,false,
47301,国頭村,沖縄県,クニガミソン,,unknown,,,,,3,false,
47302,大宜味村,沖縄県,オオギミソン,,unknown,,,,,3,false,
47303,東村,沖縄県,ヒガシソン,,unknown,,,,,3,false,
47306,今帰仁村,沖縄県,ナキジンソン,,unknown,,,,,3,false,
47308,本部町,沖縄県,モトブチョウ,,unknown,,,,,3,false,
47311,恩納村,沖縄県,オンナソン,,unknown,,,,,3,false,
47313,宜野座村,沖縄県,ギノザソン,,unknown,,,,,3,false,
47314,金武町,沖縄県,キンチョウ,,unknown,,,,,3,false,
47315,伊江村,沖縄県,イエソン,,unknown,,,,,3,false,
47324,読谷村,沖縄県,ヨミタンソン,,unknown,,,,,3,false,
47325,嘉手納町,沖縄県,カデナチョウ,,unknown,,,,,3,false,
47326,北谷町,沖縄県,チヤタンチョウ,,unknown,,,,,3,false,
47327,北中城村,沖縄県,キタナカグスクソン,,unknown,,,,,3,false,
47328,中城村,沖縄県,ナカグスクソン,,unknown,,,,,3,false,
47329,西原町,沖縄県,ニシハラチョウ,,unknown,,,,,3,false,
47348,与那原町,沖縄県,ヨナバルチョウ,,unknown,,,,,3,false,
47350,南風原町,沖縄県,ハエバルチョウ,,unknown,,,,,3,false,
47353,渡嘉敷村,沖縄県,トカシキソン,,unknown,,,,,3,false,
47354,座間味村,沖縄県,ザマミソン,,unknown,,,,,3,false,
47355,粟国村,沖縄県,アグニソン,,unknown,,,,,3,false,
47356,渡名喜村,沖縄県,トナキソン,,unknown,,,,,3,false,
47357,南大東村,沖縄県,ミナミダイトウソン,,unknown,,,,,3,false,
47358,北大東村,沖縄県,キタダイトウソン,,unknown,,,,,3,false,
47359,伊平屋村,沖縄県,イヘヤソン,,unknown,,,,,3,false,
47360,伊是名村,沖縄県,イゼナソン,,unknown,,,,,3,false,
47361,久米島町,沖縄県,クメジマチョウ,,unknown,,,,,3,false,
47362,八重瀬町,沖縄県,ヤエセチョウ,,unknown,,,,,3,false,
47375,多良間村,沖縄県,タラマソン,,unknown,,,,,3,false,
47381,竹富町,沖縄県,タケトミチョウ,,unknown,,,,,3,false,
47382,与那国町,沖縄県,ヨナグニチョウ,,unknown,,,,,3,false,
